"V1","V2","V3","V4","V5"
0,14,6,51,0
0,6,9,48,0
0,0,7,29,0
0,0,4,27,1
0,28,2,32,0
0,1,6,17,0
15,13,0,29,0
0,8,11,46,0
0,14,3,10,0
0,4,6,20,0
0,10,5,14,1
0,1,4,46,0
0,22,1,29,1
0,3,3,10,0
0,0,15,59,2
0,17,2,32,0
0,8,3,4,0
0,6,0,6,0
0,6,0,8,0
0,0,1,21,0
0,2,2,9,0
0,7,5,22,0
0,10,4,26,0
0,18,5,63,1
14,7,2,20,0
0,2,1,7,0
0,15,3,22,0
0,13,1,31,0
0,10,8,51,0
0,35,4,34,1
0,1,7,27,1
0,0,12,32,0
0,5,0,12,0
0,12,4,31,1
0,0,6,31,0
0,0,2,13,0
0,8,2,0,0
23,0,10,67,2
0,2,3,26,1
0,2,6,12,0
0,7,4,40,0
0,5,1,45,1
0,23,11,42,1
0,0,5,16,0
0,0,4,8,0
0,1,5,36,2
0,15,4,52,0
0,8,7,34,0
0,36,7,38,0
0,10,2,17,0
0,2,12,45,0
0,7,0,4,0
0,10,5,17,0
0,2,1,3,0
0,1,3,7,1
0,3,0,8,0
0,0,14,50,2
0,30,6,63,0
0,1,0,25,1
0,0,4,32,0
0,7,3,12,0
0,21,13,35,0
0,9,7,16,0
0,0,15,34,3
0,5,4,4,0
0,10,6,24,0
0,9,9,73,0
0,0,13,19,0
0,1,5,21,2
0,0,29,15,0
0,11,3,4,0
0,3,2,22,0
0,20,4,22,0
0,6,1,7,0
0,0,1,23,1
0,4,0,0,0
0,0,4,34,0
0,5,0,4,0
0,16,5,46,0
0,8,0,4,0
0,6,1,21,0
13,0,6,15,0
0,0,4,39,0
0,0,5,43,1
0,0,7,25,3
0,9,6,55,0
0,37,34,33,0
0,6,0,4,0
0,1,6,39,0
0,5,2,23,0
0,25,5,31,0
0,19,6,55,2
0,0,6,46,2
0,5,4,16,0
0,0,13,37,0
0,8,2,6,0
3,1,0,9,0
0,0,16,85,3
0,0,6,49,2
0,7,1,11,0
0,0,2,28,0
17,0,4,47,1
0,7,3,36,0
1,0,13,43,0
0,7,17,20,1
0,0,10,38,0
9,3,4,14,0
0,1,8,22,1
0,0,8,39,3
0,22,2,12,0
0,3,1,31,0
0,0,10,38,1
0,4,7,28,0
0,22,6,24,1
0,7,3,15,1
0,0,11,12,0
0,20,3,34,0
0,5,0,10,0
0,40,2,14,0
0,0,16,60,0
0,0,7,19,0
0,4,0,6,0
0,0,15,59,0
1,0,7,28,1
0,9,1,7,0
0,24,1,10,0
0,8,3,3,0
0,10,4,11,0
0,2,0,21,0
0,40,3,60,0
0,19,2,16,0
0,12,1,6,0
0,17,5,48,0
0,11,4,27,0
0,21,2,9,0
0,0,13,97,0
0,13,1,6,0
0,0,3,37,2
0,15,2,37,0
0,5,9,44,3
0,1,5,0,0
0,0,7,117,5
0,0,9,52,0
0,26,6,38,1
0,6,2,19,0
0,1,10,43,1
0,39,10,45,0
0,9,4,34,0
0,2,3,1,0
0,0,6,25,0
0,3,2,16,0
0,28,15,119,6
0,18,1,47,0
0,8,0,8,0
0,10,1,8,0
0,37,4,36,1
0,5,3,12,0
0,2,9,13,0
0,13,4,11,0
1,0,7,43,0
0,4,1,7,0
0,3,5,11,0
0,0,6,40,2
0,0,10,55,1
0,23,4,41,0
0,7,4,31,0
0,5,0,3,0
0,8,1,27,0
0,13,1,12,0
25,8,9,4,0
0,11,3,21,0
0,7,9,36,1
0,4,3,8,0
1,0,1,6,0
0,6,6,7,0
0,21,3,23,0
0,6,7,25,0
0,2,1,28,1
0,5,5,33,0
0,28,4,38,0
0,23,4,69,0
0,0,7,56,3
0,5,1,8,0
0,3,0,34,1
0,4,7,29,0
0,5,7,54,1
0,1,18,32,0
0,8,0,8,0
0,6,1,34,0
0,0,3,12,1
0,7,4,31,0
0,1,5,64,1
0,9,6,49,0
0,0,8,39,2
0,0,10,70,0
0,2,4,20,0
0,9,9,76,0
0,3,4,6,0
0,12,4,13,0
0,1,7,27,0
1,31,7,27,0
0,30,15,35,0
0,13,2,11,2
0,14,6,40,1
0,6,0,9,0
0,0,8,19,1
0,5,1,5,0
0,9,2,3,0
0,13,0,23,0
0,0,10,79,1
0,0,2,41,1
0,16,1,7,0
0,13,5,66,0
0,0,8,58,0
0,24,6,46,0
0,4,5,22,0
0,7,7,60,0
0,23,5,31,0
0,0,4,34,3
0,9,3,6,0
0,5,5,10,1
0,1,10,51,0
0,0,15,90,2
0,6,1,7,1
0,12,5,53,2
0,7,1,10,0
0,10,0,3,0
0,0,16,8,1
0,0,5,33,0
0,9,0,4,0
0,1,5,37,1
0,3,5,30,0
27,3,2,21,2
0,18,20,55,1
0,7,3,14,1
0,0,4,32,0
0,0,8,50,1
0,0,5,16,1
0,4,1,14,0
0,8,3,10,0
0,6,2,7,0
0,7,0,4,0
0,2,0,4,0
0,15,2,37,0
0,0,4,59,4
0,1,0,3,0
0,4,6,12,0
0,5,5,34,0
0,26,6,26,0
0,0,13,42,0
0,0,9,51,1
0,3,6,9,0
6,0,20,78,3
0,0,0,0,0
1,3,0,1,0
0,10,2,6,0
0,17,1,34,1
0,6,1,17,0
0,5,6,31,2
0,10,0,9,0
0,0,3,24,0
0,1,14,44,0
39,13,0,12,1
0,0,8,35,0
0,0,3,28,0
0,10,3,19,0
0,11,2,36,0
0,0,19,41,1
0,5,4,9,0
0,3,11,44,0
0,1,10,71,3
0,18,8,49,0
0,21,6,54,1
0,6,13,38,2
0,4,3,15,1
0,1,7,34,0
0,10,0,7,0
0,0,5,32,1
0,11,7,14,0
0,6,7,41,1
0,0,5,11,0
0,0,3,12,0
0,36,4,22,1
0,17,4,56,2
0,4,2,6,0
0,0,42,73,4
0,12,1,8,0
0,8,4,35,0
0,8,1,46,0
0,0,8,30,1
0,0,9,47,1
0,12,3,22,0
0,1,6,31,0
0,2,2,21,0
0,1,2,42,1
0,7,3,29,0
42,10,3,11,1
0,14,1,22,0
6,0,9,32,2
0,2,10,59,1
0,7,7,39,2
0,11,5,6,0
0,1,4,18,0
0,3,1,8,0
0,3,9,78,1
0,0,7,21,0
0,6,1,5,0
0,7,0,10,0
0,8,5,36,0
0,6,6,22,0
0,3,0,10,0
0,5,0,20,1
0,46,6,78,2
0,1,5,19,0
0,0,4,46,0
0,26,7,43,2
0,0,6,25,1
0,2,3,11,0
12,9,3,26,0
0,8,3,10,0
0,13,10,67,1
0,19,8,37,0
0,5,2,5,0
0,0,22,38,0
0,5,2,21,0
0,0,2,23,0
0,1,11,22,4
1,17,6,19,0
0,22,5,60,1
0,7,6,19,0
0,2,4,18,0
0,0,8,39,0
11,4,5,31,0
3,6,12,66,0
0,1,15,85,0
0,0,7,49,0
0,15,5,10,0
0,16,1,7,0
0,5,5,7,0
0,2,0,24,0
14,1,6,26,1
0,17,6,32,0
0,0,9,34,0
0,0,3,9,0
0,4,5,15,0
0,5,5,14,0
0,4,2,6,0
0,8,0,3,0
0,4,5,16,0
0,4,2,7,0
0,68,9,55,0
0,0,4,19,1
0,22,8,30,0
0,6,0,0,0
0,12,0,6,0
0,0,2,28,0
0,0,4,10,1
0,26,5,43,0
0,0,2,49,0
0,0,15,42,2
0,6,2,10,0
0,0,7,32,0
11,0,5,25,0
0,8,3,78,3
0,0,0,10,0
0,8,3,11,0
1,4,4,16,0
0,0,6,38,2
0,1,14,57,1
0,0,7,44,0
0,6,1,6,0
0,13,8,20,0
0,11,4,20,0
0,19,1,50,1
0,7,4,41,1
0,5,2,14,0
9,4,1,5,0
0,32,9,56,1
0,9,3,15,0
0,5,7,21,0
0,3,2,31,0
0,15,8,11,0
0,3,7,42,0
0,13,1,6,0
0,11,8,61,5
0,0,5,57,0
0,0,6,46,0
0,10,13,53,1
0,0,3,37,2
0,0,6,45,5
0,8,9,50,0
0,8,3,13,0
0,12,3,15,0
0,3,1,10,0
0,0,4,19,0
0,16,6,35,0
0,0,20,107,0
0,0,2,16,0
0,4,0,2,0
0,24,5,22,0
0,4,0,5,0
0,0,12,57,0
0,9,11,23,1
34,7,3,7,0
0,0,5,29,0
0,0,1,23,1
0,7,15,64,1
0,3,6,12,0
0,0,0,10,0
0,2,2,10,0
0,0,11,18,0
0,0,1,23,0
0,1,2,10,0
0,7,0,4,0
0,2,4,46,0
0,3,1,7,0
0,13,9,26,0
0,7,10,50,0
0,2,1,7,0
0,4,3,13,0
0,8,2,5,0
30,0,8,32,1
0,22,7,57,2
0,25,1,14,0
1,43,9,60,0
0,9,9,53,0
0,1,4,12,0
0,11,0,13,0
0,0,8,36,0
28,24,0,15,1
0,35,8,76,1
0,6,9,33,1
1,10,5,38,0
0,4,1,18,0
0,5,5,22,0
0,0,7,54,3
3,7,1,19,0
12,0,13,53,0
0,13,4,39,0
0,4,4,37,0
0,6,2,9,1
0,0,1,23,0
0,0,2,18,1
6,15,4,32,1
24,0,8,54,1
0,4,1,11,0
0,0,0,17,0
0,1,0,6,0
0,15,6,50,1
14,0,22,104,2
0,4,6,51,0
0,8,1,7,0
0,13,4,25,0
0,6,1,10,0
0,0,2,30,0
0,0,11,43,0
0,0,11,42,4
0,12,3,14,0
12,0,1,0,0
0,11,6,33,1
0,7,13,27,0
0,23,9,27,0
0,0,9,36,0
0,0,0,0,0
0,0,12,40,0
1,4,2,11,0
13,23,1,23,0
14,6,0,5,1
0,24,7,51,0
0,0,1,21,0
5,5,9,33,0
0,0,2,25,0
0,0,14,44,1
0,2,37,92,5
0,1,4,21,1
0,4,8,38,0
0,0,6,54,3
0,24,2,25,1
9,0,4,32,3
0,4,1,10,0
0,1,2,9,0
0,9,1,8,0
0,7,5,17,0
0,9,3,7,0
0,12,7,25,1
0,0,0,30,0
0,0,17,73,1
0,0,9,24,0
0,4,0,8,0
0,10,0,4,0
0,16,1,59,1
0,6,4,13,0
0,21,10,60,1
0,0,8,38,0
0,5,4,30,0
0,12,14,69,0
0,1,5,20,0
0,8,8,54,1
0,14,0,6,0
0,0,1,1,0
0,0,7,32,1
0,0,5,13,1
0,9,4,7,0
0,7,0,6,0
0,0,0,2,0
0,2,2,11,0
0,33,25,53,1
0,0,15,69,0
0,9,7,50,0
0,22,6,28,2
0,0,15,48,2
0,0,1,26,1
0,0,4,32,0
0,0,5,31,0
17,0,9,13,0
0,2,3,23,3
0,23,10,42,1
0,0,14,94,2
0,0,9,54,3
0,3,8,20,0
0,13,7,22,0
0,0,1,22,0
0,0,8,31,1
0,0,3,15,0
0,48,14,98,3
0,0,3,26,0
0,35,11,70,1
0,2,6,70,3
1,27,9,57,0
0,0,9,29,1
0,5,2,13,0
0,0,4,21,1
0,4,8,21,3
0,9,5,42,1
0,3,1,10,0
0,0,0,6,2
0,6,0,3,0
0,19,5,38,0
0,20,1,31,0
0,0,9,24,0
0,6,4,72,2
0,12,9,61,1
0,17,5,52,1
15,0,7,50,5
0,5,2,2,0
0,7,2,8,0
0,7,2,33,0
0,2,6,64,2
0,16,8,22,2
0,48,7,62,0
0,8,4,12,0
0,10,8,35,1
0,0,5,21,1
0,1,1,15,0
0,13,4,23,0
0,4,1,12,1
0,1,9,31,0
0,7,1,1,0
0,1,12,43,1
0,11,4,42,2
0,2,1,7,0
1,0,2,42,0
0,26,5,36,0
0,11,11,51,0
0,9,7,41,0
0,3,1,8,0
7,0,26,30,0
0,9,4,11,0
0,6,5,35,0
0,6,2,5,0
0,6,13,39,1
0,8,3,37,1
0,12,2,43,0
0,0,21,16,0
0,0,7,27,0
0,0,3,18,2
0,13,3,53,0
0,6,5,30,0
0,4,10,9,0
0,4,8,40,2
0,6,3,8,0
0,2,1,23,0
0,24,3,50,0
9,0,3,12,0
0,11,4,20,0
0,0,4,41,1
0,11,2,8,0
0,0,1,28,1
0,6,3,15,0
0,0,3,52,0
0,1,3,26,0
0,5,0,13,0
0,37,13,114,1
0,11,2,33,1
0,29,5,39,0
0,3,0,4,0
0,6,1,8,0
0,24,6,44,0
0,7,4,10,0
0,12,7,57,1
0,5,0,14,1
0,10,8,66,0
0,23,0,21,0
0,8,5,30,0
0,15,17,120,0
0,3,4,12,0
0,0,14,35,0
0,19,3,23,0
19,10,1,24,1
0,15,3,9,0
0,0,3,23,2
0,6,2,7,0
0,0,6,48,0
0,16,1,14,0
0,11,5,57,2
0,2,1,14,0
0,3,5,28,1
0,0,8,16,0
0,2,2,16,0
0,11,3,23,0
13,1,2,26,1
0,15,1,6,0
0,3,2,11,0
0,11,3,2,0
0,0,10,45,2
0,0,4,19,0
0,0,7,40,1
0,0,13,25,0
0,59,3,21,0
0,0,14,93,1
0,5,1,9,0
0,9,2,22,0
0,11,13,70,2
0,14,6,78,1
1,15,10,45,0
0,18,3,39,0
4,9,4,30,0
0,7,6,41,1
0,0,10,38,1
7,10,2,12,0
0,10,6,80,0
0,7,6,54,0
0,5,1,6,0
0,5,3,3,0
14,11,2,9,0
1,22,9,57,1
0,0,2,41,0
0,11,8,49,1
0,9,3,11,1
0,0,7,34,1
0,7,1,9,0
1,47,5,29,0
0,14,1,30,0
0,0,2,42,3
0,0,8,13,0
0,0,6,36,0
0,0,15,50,3
0,0,2,17,0
0,4,1,7,1
0,17,4,41,2
0,12,5,44,2
0,17,1,7,0
0,0,5,38,0
0,0,5,36,0
0,5,11,48,4
0,2,1,5,0
0,0,1,25,0
13,13,6,42,1
0,0,7,40,0
0,13,4,36,2
0,2,3,5,0
0,2,0,3,0
0,0,3,19,0
0,8,2,16,0
0,13,1,37,0
0,21,1,33,0
0,2,2,11,0
0,1,2,8,0
0,15,11,44,1
0,5,2,23,1
0,13,8,78,1
0,19,6,35,1
0,6,0,12,0
0,0,1,14,0
0,2,0,0,0
0,7,1,13,0
0,0,6,41,2
0,0,5,38,0
0,0,4,12,0
0,0,2,16,2
12,0,21,31,0
0,0,3,37,2
0,4,0,5,0
0,4,3,15,0
0,4,4,28,0
0,1,4,19,0
0,16,4,37,0
0,4,3,2,0
0,11,2,10,0
0,1,3,4,0
0,5,2,5,0
0,22,21,47,0
0,6,3,12,0
0,5,2,8,0
0,0,9,72,2
0,12,7,43,0
0,13,6,43,1
0,0,3,10,0
0,6,6,15,0
0,20,2,28,0
0,3,5,23,0
0,0,6,67,0
0,23,5,65,0
1,0,2,20,1
0,5,9,45,0
0,1,0,6,0
0,8,5,31,0
0,4,2,2,0
0,0,6,51,3
1,0,9,40,0
0,7,3,4,0
0,0,4,24,0
0,6,0,7,0
0,0,3,12,0
0,7,1,8,0
0,31,8,54,0
0,5,6,16,0
0,6,4,18,0
0,0,10,39,0
0,0,12,45,1
0,23,4,92,1
0,5,10,38,2
0,0,3,33,0
0,14,0,6,0
0,1,13,51,4
0,4,3,6,0
0,0,7,35,0
0,16,4,39,1
0,2,2,5,0
0,3,2,20,0
0,0,5,48,1
0,44,13,30,0
0,1,1,4,0
0,5,1,13,1
0,0,2,21,1
0,6,0,8,0
0,32,22,90,1
0,7,7,24,0
0,0,9,45,2
0,18,10,63,1
0,15,7,35,0
0,4,2,6,0
0,23,7,24,2
0,13,7,34,0
0,11,4,10,1
0,0,3,6,0
0,14,0,24,0
0,6,1,6,0
0,21,3,36,1
0,0,0,8,0
0,0,5,46,1
0,0,17,82,3
0,9,3,20,0
0,5,2,11,0
0,8,2,28,0
0,0,1,25,0
0,16,7,15,1
0,0,11,27,0
0,2,6,24,0
0,8,4,4,1
0,12,3,18,1
0,6,2,59,0
0,0,3,26,0
0,0,1,12,0
0,0,6,69,2
0,9,2,5,0
0,19,4,7,0
0,4,4,14,0
0,0,13,32,0
0,0,0,9,0
0,1,12,59,0
0,0,11,62,0
0,9,3,12,0
0,0,9,32,1
0,5,1,35,0
0,6,2,6,0
0,0,9,41,0
0,0,4,17,0
0,22,6,52,0
0,3,4,25,0
0,2,3,8,0
0,4,8,57,0
0,7,2,8,0
0,0,1,3,0
0,7,0,5,0
0,0,5,30,0
0,19,4,35,0
0,0,10,33,0
0,33,3,45,1
0,5,2,9,0
0,29,4,37,0
0,5,6,40,0
7,1,14,62,0
0,2,1,5,0
0,0,6,7,0
0,16,5,22,0
0,0,0,0,0
0,0,5,20,1
0,5,2,32,0
0,9,10,44,1
0,5,10,36,0
0,0,11,41,3
0,0,14,44,0
0,5,0,5,0
0,14,16,19,0
0,13,1,10,0
0,0,7,10,0
0,20,0,10,0
0,16,10,47,0
0,0,4,18,0
0,1,4,11,0
0,10,4,7,0
0,0,1,8,0
0,9,1,58,0
0,7,0,35,0
0,2,10,56,0
0,0,6,45,1
0,0,10,80,1
0,13,11,80,0
0,8,5,41,0
0,5,0,5,0
0,3,0,11,0
0,9,1,24,0
0,26,6,23,1
0,6,1,6,0
0,0,3,13,0
0,5,10,25,0
0,21,2,9,0
1,2,14,71,2
1,21,14,78,1
0,9,0,12,0
0,0,3,19,0
0,0,0,5,0
0,0,2,23,0
0,0,17,26,1
0,11,13,37,0
0,0,5,29,0
0,4,6,19,1
0,29,3,40,0
0,6,2,5,0
0,11,0,3,2
0,0,3,26,0
0,1,3,45,2
0,2,1,9,0
0,0,8,25,0
0,4,5,13,0
0,11,0,35,0
0,8,0,9,0
0,11,0,8,1
0,8,6,19,0
1,16,10,47,2
0,0,0,11,0
0,3,6,19,0
0,1,1,5,3
0,6,4,24,0
0,5,8,16,0
1,0,2,36,0
0,5,1,3,0
0,2,1,6,0
0,4,5,22,1
0,8,2,6,0
8,8,5,16,0
0,4,3,29,0
0,6,2,16,0
0,1,0,5,0
0,0,0,17,1
8,0,10,49,2
0,1,7,2,0
0,7,3,7,0
0,0,10,42,2
0,3,0,7,0
0,5,13,40,3
0,5,5,9,0
0,4,9,30,0
4,6,8,82,1
0,1,1,1,0
0,9,5,7,0
0,15,1,30,1
0,17,20,54,1
17,0,8,36,0
0,26,6,39,0
0,4,6,44,0
0,0,18,66,2
0,3,3,11,0
0,15,0,9,0
0,5,4,11,0
0,0,9,33,0
0,4,3,2,0
0,5,7,29,0
0,5,2,6,0
0,0,7,22,0
0,9,2,12,0
0,13,9,31,1
0,1,6,29,0
0,6,2,3,0
0,0,13,51,0
0,0,6,38,2
0,0,20,49,0
0,0,9,34,0
3,0,3,48,0
0,3,0,4,0
0,7,6,16,0
0,14,4,35,0
0,14,2,3,0
0,0,4,15,0
0,6,2,8,0
0,13,6,20,0
0,2,2,12,0
0,0,20,86,4
0,3,5,45,0
0,1,7,34,1
0,18,1,20,0
0,7,5,17,0
1,4,1,31,0
0,1,3,6,0
0,11,2,4,0
0,18,0,6,0
0,16,6,61,0
0,3,4,6,0
0,2,2,23,0
0,2,0,5,0
0,0,9,44,0
0,0,3,36,0
0,61,12,73,0
0,11,0,5,0
0,4,1,23,0
19,17,11,14,0
1,0,8,43,0
0,0,3,27,0
0,0,5,27,1
0,4,0,19,0
0,15,8,69,1
0,2,5,44,1
0,1,5,36,0
0,3,3,13,0
0,15,7,16,0
0,0,2,6,0
0,0,0,0,0
5,0,4,37,2
0,1,5,34,1
0,0,5,39,0
0,0,3,3,0
0,0,12,51,2
0,1,13,51,1
0,11,1,5,0
0,0,6,21,2
0,0,4,30,1
0,13,0,5,0
0,5,6,48,0
0,4,0,1,0
0,7,1,15,0
0,3,3,8,0
0,13,4,29,0
29,20,7,51,1
0,1,0,5,0
0,3,4,4,0
0,24,15,60,1
0,8,12,27,0
11,2,3,10,0
0,13,3,5,0
0,7,7,24,3
0,19,2,26,0
0,4,0,0,0
0,11,5,30,0
0,0,6,37,1
0,0,7,18,1
5,26,9,71,2
42,7,2,43,0
0,8,1,8,1
0,31,9,25,0
0,0,10,62,0
0,11,2,50,1
0,10,0,10,0
0,3,1,9,0
0,0,3,21,0
0,10,1,7,0
0,0,4,14,0
18,0,15,80,1
0,22,5,14,0
0,15,6,61,0
11,4,8,34,0
0,0,3,43,0
0,6,3,24,1
1,6,9,33,2
0,0,5,50,0
0,0,8,82,3
0,12,8,52,1
0,13,4,54,1
0,4,8,47,0
0,12,12,53,0
1,0,9,44,3
0,0,7,70,1
0,0,3,13,0
0,0,8,23,2
0,6,1,25,0
0,2,1,11,0
0,4,0,10,0
0,2,0,12,0
0,4,7,52,3
0,14,7,52,0
0,4,4,13,0
0,0,11,36,0
34,2,10,40,0
0,0,4,18,0
0,0,5,43,0
0,0,13,56,0
0,21,6,75,1
0,7,1,6,0
0,9,3,12,0
0,0,4,6,0
0,0,7,28,0
0,0,0,1,0
0,32,5,73,0
0,17,8,43,1
0,0,6,33,2
0,0,9,14,1
0,28,5,46,0
0,0,3,46,1
0,0,12,74,1
0,5,6,29,0
0,5,1,4,0
0,0,16,57,1
0,10,1,5,0
7,0,25,61,1
0,1,1,20,0
0,0,5,29,2
0,0,4,32,0
1,0,4,4,0
0,0,4,34,4
0,7,0,6,0
0,17,0,35,2
15,0,12,55,1
0,6,3,6,1
0,2,0,8,0
0,1,4,24,1
0,2,6,42,0
0,1,5,35,0
0,1,10,63,2
0,13,11,32,0
1,0,9,41,3
0,0,1,22,0
0,1,2,4,0
0,10,0,5,0
0,7,0,3,0
0,10,0,33,2
0,12,5,32,0
0,0,1,13,1
0,1,12,54,0
0,21,8,24,0
0,0,10,50,1
0,0,0,12,1
1,20,4,30,0
0,0,13,58,1
0,20,6,31,0
0,5,4,9,0
0,2,3,29,0
0,8,0,9,0
0,5,17,94,0
0,3,0,1,0
0,16,2,62,1
0,2,0,7,0
0,16,4,28,0
1,17,14,51,1
0,6,18,71,0
0,5,9,15,0
0,0,2,21,1
0,0,1,42,0
0,0,1,44,1
0,11,0,7,0
0,14,7,71,2
0,5,3,3,0
0,26,6,24,0
0,27,10,73,1
0,17,9,40,3
0,9,0,10,0
0,4,0,9,1
0,0,4,14,0
0,25,1,59,0
0,6,3,57,0
0,1,3,20,0
0,6,3,26,0
0,23,7,56,0
0,6,3,4,0
0,15,3,67,2
15,10,3,46,1
0,7,3,37,0
0,17,9,58,3
0,1,5,23,0
0,3,1,6,0
0,9,5,60,2
0,0,12,92,3
0,3,11,68,1
0,0,8,52,0
0,11,1,8,0
0,9,2,10,0
0,7,2,5,0
0,10,0,9,0
0,0,11,29,1
0,4,1,46,1
0,0,4,32,2
0,0,9,44,0
28,1,16,76,0
0,0,7,40,0
0,0,9,55,1
0,0,11,43,3
0,2,0,3,0
0,0,9,25,2
0,12,2,16,0
0,8,1,5,1
0,4,2,12,0
1,0,8,37,0
0,1,13,31,0
0,7,10,58,2
0,15,3,60,0
0,11,2,6,0
0,0,6,34,0
0,5,5,33,0
0,0,6,43,2
0,0,8,73,1
0,4,3,12,0
0,9,5,19,0
0,19,3,35,1
0,11,3,27,0
0,1,1,0,0
0,3,2,10,0
0,2,1,14,0
0,2,1,3,0
0,2,3,16,0
0,8,3,7,0
0,0,9,44,2
0,15,6,37,0
0,4,1,3,0
0,11,2,15,0
0,0,9,23,0
0,0,4,19,0
0,0,9,38,3
0,0,20,73,0
0,0,24,52,0
0,6,2,30,0
0,17,1,6,0
0,21,6,51,1
0,0,7,42,0
0,0,8,25,1
0,14,3,1,0
0,4,0,4,0
0,0,8,25,2
0,0,2,42,0
0,1,0,18,0
0,2,6,10,1
0,4,1,15,0
18,13,14,32,0
0,3,2,15,0
0,1,0,6,0
0,0,14,45,3
23,1,15,70,0
0,0,5,51,0
0,5,1,3,0
0,0,2,27,1
0,42,9,79,0
0,0,12,43,0
0,7,6,25,0
0,0,6,17,1
0,0,5,40,0
0,22,9,23,0
0,5,9,39,1
1,8,5,54,2
0,0,2,56,0
0,4,1,6,0
0,8,1,13,1
0,1,7,55,0
0,0,15,77,2
0,0,3,29,0
0,0,8,48,0
0,0,9,60,0
0,4,0,5,0
0,12,5,20,0
0,7,4,7,0
0,3,1,2,0
0,16,8,18,0
0,6,2,8,0
0,4,7,64,1
20,0,11,77,1
0,0,8,51,3
0,3,2,3,0
0,4,3,6,1
0,0,8,24,0
0,9,9,35,1
0,17,5,33,1
7,4,5,16,0
0,0,3,15,0
0,12,1,13,0
0,19,13,41,1
0,31,2,39,0
0,0,1,19,1
0,8,3,10,1
0,47,9,56,1
0,11,5,12,0
0,4,1,5,0
0,9,7,44,1
0,6,3,31,0
0,9,1,8,0
0,11,3,25,0
0,10,5,17,1
33,6,5,14,0
26,0,6,58,0
0,0,8,30,0
0,6,2,13,0
0,1,5,48,1
0,12,3,7,0
0,32,8,51,2
0,5,0,2,0
0,0,1,77,0
0,0,8,20,0
0,20,6,58,1
0,8,4,16,0
0,0,3,11,0
0,0,7,29,0
0,7,3,10,0
0,5,2,30,1
0,15,4,30,0
0,11,10,37,0
0,4,1,7,0
0,17,2,22,0
0,4,3,53,0
0,2,1,9,0
0,10,5,43,0
0,0,9,29,0
0,1,8,40,2
0,0,15,62,1
0,0,9,52,0
0,18,2,16,0
0,56,7,43,0
0,10,14,32,1
0,0,8,28,0
0,1,10,43,3
0,1,2,7,0
0,0,17,45,3
0,6,0,13,0
0,5,1,8,0
0,0,10,37,0
0,0,5,22,0
0,23,2,40,1
0,4,0,3,1
0,15,12,34,0
0,8,0,0,0
0,4,2,5,0
0,0,7,34,2
0,2,7,69,2
0,3,1,12,0
0,4,5,35,0
0,1,7,24,0
0,6,2,1,0
0,0,7,37,1
0,8,1,17,0
0,1,5,25,0
0,0,0,5,0
0,0,6,38,0
0,0,7,29,0
0,3,1,12,0
10,3,0,12,0
0,7,3,19,1
0,2,0,7,0
0,0,9,24,0
0,7,1,15,0
0,3,1,8,1
0,0,4,15,2
0,1,5,16,1
31,12,0,8,0
0,35,0,14,0
21,0,8,22,0
0,8,3,14,0
0,2,1,7,0
0,0,10,36,2
0,0,7,62,4
0,10,1,9,0
0,0,9,20,0
21,0,6,27,2
0,9,0,10,0
16,16,0,7,0
17,0,11,46,0
0,6,2,13,0
0,9,1,35,0
0,0,3,23,4
7,0,9,44,4
0,12,3,20,0
0,6,8,85,0
0,17,3,37,0
0,1,0,6,2
0,8,4,21,0
0,12,16,71,2
0,0,7,33,0
0,8,3,30,0
0,0,11,44,0
0,10,3,15,0
0,6,5,53,1
0,5,3,29,0
0,0,3,23,0
0,0,14,35,0
0,5,1,7,0
0,0,3,62,0
0,0,3,37,0
0,8,4,6,0
2,0,5,33,0
0,6,1,0,0
0,3,4,33,0
0,0,6,57,1
0,0,5,39,1
0,5,0,5,0
0,6,10,44,0
0,0,3,31,0
0,0,3,14,0
0,26,5,42,1
0,13,0,10,0
0,4,10,51,2
0,0,7,43,0
0,11,4,11,0
0,0,12,56,0
0,7,3,8,0
0,45,21,49,0
0,0,2,9,0
0,10,13,38,2
0,9,10,38,2
0,0,12,13,0
0,0,5,24,2
0,8,7,62,1
13,0,8,39,1
0,6,8,51,1
0,1,8,45,3
0,8,3,31,0
0,2,7,43,1
0,7,1,4,0
0,9,2,6,0
0,0,13,32,3
0,11,5,27,0
0,2,1,9,0
0,2,1,7,0
0,5,5,13,0
0,8,1,15,0
0,26,26,54,0
0,0,7,47,2
0,5,4,5,0
0,17,1,42,3
0,0,9,43,0
18,0,16,83,4
0,0,3,28,0
0,8,0,0,0
0,13,7,29,0
0,1,0,8,0
0,7,6,11,0
0,8,4,44,1
0,29,8,36,0
1,3,3,14,0
0,13,0,6,0
0,0,12,29,2
0,0,2,54,1
0,9,1,93,0
0,0,5,30,0
0,0,11,39,4
0,0,10,30,0
0,6,6,30,0
38,0,19,59,2
0,12,3,14,0
0,3,2,20,2
0,8,7,18,0
22,9,7,12,0
0,7,2,10,1
0,5,6,18,0
0,0,10,33,0
1,0,0,19,0
1,0,6,26,1
0,7,5,32,0
0,51,11,54,0
0,0,18,62,0
0,3,7,29,1
0,0,10,40,0
0,11,4,56,0
0,20,3,18,1
0,23,8,32,0
0,13,11,64,0
0,13,1,22,0
0,5,0,7,0
2,0,12,56,1
0,0,2,21,0
1,7,7,41,0
0,19,1,11,0
1,0,12,81,0
1,10,0,5,0
0,7,2,6,0
0,27,14,49,1
0,0,13,55,2
0,50,8,104,2
0,0,10,55,0
0,6,5,13,0
0,9,2,3,0
0,0,2,19,1
0,17,5,15,0
0,0,8,38,1
0,13,9,44,0
0,1,8,21,3
0,7,0,5,1
0,6,0,7,0
0,37,3,31,0
0,0,17,55,3
0,0,1,18,0
0,3,0,4,0
0,15,13,50,0
0,5,8,4,0
0,3,3,8,0
0,2,0,2,0
0,70,5,146,4
0,3,2,6,2
0,15,16,78,0
0,6,6,26,0
0,0,3,35,1
0,7,3,32,0
0,20,8,49,1
0,13,1,22,0
0,1,9,31,0
0,12,5,39,0
0,12,2,8,0
0,51,4,65,0
0,0,4,13,0
1,9,3,51,0
0,10,2,27,0
0,0,16,26,1
0,7,3,14,0
0,6,6,32,1
0,11,10,31,0
0,0,3,14,0
0,0,5,35,1
0,10,0,8,0
0,24,10,53,1
0,1,2,24,0
0,2,1,5,0
0,6,2,14,1
0,18,8,75,0
0,0,7,32,4
0,11,2,15,0
0,37,4,73,0
0,13,2,6,0
0,5,0,14,0
0,9,0,9,0
0,1,3,10,0
0,34,3,56,1
0,3,1,26,2
0,0,14,62,0
0,0,5,42,0
0,4,3,8,0
0,0,6,32,0
1,24,13,104,1
0,0,9,64,0
0,0,4,27,0
0,8,1,24,1
0,17,13,48,2
0,3,0,13,0
0,8,3,42,0
0,6,1,3,0
0,11,2,8,0
0,0,0,36,1
0,21,9,18,0
34,8,2,4,0
0,3,0,9,0
0,7,0,7,0
0,8,8,10,0
0,5,5,17,0
0,6,2,14,0
0,0,7,34,2
0,20,1,62,0
0,8,17,47,0
0,8,7,51,1
0,0,1,32,0
0,9,12,33,0
0,17,9,23,0
0,0,10,36,0
0,5,8,32,0
0,20,7,44,2
0,4,6,12,1
0,12,4,46,0
0,0,13,57,2
0,0,13,28,0
0,4,2,45,0
18,0,8,39,2
0,2,0,26,0
0,0,18,33,5
0,26,5,107,1
14,0,11,51,0
0,0,8,63,0
0,15,3,18,1
0,0,10,77,1
0,0,1,1,0
0,9,9,49,0
0,10,2,4,0
0,1,10,15,0
0,0,12,37,1
0,4,1,1,0
0,0,3,17,0
0,3,2,25,1
0,18,2,6,1
3,0,14,33,0
0,7,2,8,1
0,10,4,9,0
0,4,1,8,0
0,11,4,32,1
0,0,16,63,0
0,13,0,7,0
0,22,9,50,0
0,0,10,41,1
0,3,0,8,0
14,0,6,50,0
0,25,3,38,1
0,0,6,19,0
0,0,7,39,1
0,9,16,45,1
0,16,4,40,1
0,0,9,27,0
0,13,2,37,0
0,11,3,36,0
0,0,11,38,1
0,6,3,16,1
0,21,7,71,0
0,8,0,1,0
0,0,7,32,0
0,2,2,7,0
0,8,2,14,0
0,17,13,59,2
0,0,2,22,0
0,6,3,22,0
0,5,3,8,0
0,19,4,27,0
0,0,6,30,0
0,5,1,8,0
0,0,3,3,0
0,21,8,49,0
0,19,4,13,0
0,7,1,33,0
0,0,16,55,0
0,0,5,16,0
0,0,5,17,0
0,0,15,30,0
0,8,4,6,0
0,0,10,43,2
0,17,2,29,0
0,0,3,7,0
0,7,2,10,0
0,6,0,4,0
0,0,6,16,0
0,1,5,48,0
0,8,6,35,2
0,4,8,23,0
0,0,2,25,0
0,0,4,27,0
2,47,3,11,0
0,0,10,34,0
0,0,18,68,2
0,7,9,36,0
0,0,6,12,0
0,4,0,3,0
0,3,0,1,0
0,0,7,24,0
0,0,11,42,1
0,6,0,8,0
0,0,10,7,0
0,1,13,43,2
15,31,17,62,1
0,31,8,128,2
0,0,7,31,2
0,6,3,9,0
0,4,1,20,1
0,5,6,33,1
0,7,3,3,0
25,7,2,45,0
0,0,8,46,1
0,10,1,5,1
0,8,3,16,0
0,8,3,22,0
0,4,2,9,0
0,12,1,9,0
0,8,2,2,0
0,7,0,20,0
0,2,0,13,0
0,2,2,5,0
0,0,13,37,0
0,2,3,43,1
0,6,3,8,0
0,20,12,37,0
0,0,3,30,0
0,5,3,6,0
0,0,3,20,2
0,4,0,16,0
0,5,0,5,1
0,4,2,6,0
0,15,2,60,0
0,0,10,45,2
0,6,1,9,0
0,0,1,38,4
0,11,28,67,3
0,24,6,25,0
0,0,3,7,1
0,7,7,28,0
0,2,0,11,0
0,0,11,20,0
0,0,7,17,1
0,20,14,68,0
0,13,2,14,1
0,3,0,7,0
0,10,5,42,0
0,7,0,6,0
0,5,0,4,0
0,11,5,32,0
0,7,1,6,0
0,6,5,0,0
0,6,0,0,0
0,6,2,26,0
0,0,8,21,0
0,0,4,29,2
1,28,0,24,0
7,2,3,4,0
0,2,0,0,0
0,14,7,45,0
1,0,8,41,2
0,7,2,31,3
19,10,3,35,2
1,5,2,15,0
0,2,4,10,0
0,0,10,35,0
0,17,10,39,0
0,0,13,4,0
1,1,8,15,0
1,0,10,38,0
0,10,4,52,0
0,11,4,49,2
0,12,4,11,0
0,0,1,34,1
0,0,4,54,2
0,8,6,36,0
0,0,1,21,0
0,0,6,33,2
0,5,3,36,0
0,15,5,33,0
0,6,0,12,0
0,23,0,21,2
0,10,4,11,0
0,10,9,27,0
0,4,2,1,1
0,4,4,21,0
0,22,3,33,1
53,0,14,47,1
1,0,7,33,1
0,5,2,13,0
0,13,0,7,0
0,4,6,12,0
0,13,3,26,1
0,0,8,57,2
0,0,11,53,1
0,0,3,20,0
0,4,5,8,0
0,11,2,7,0
2,11,6,40,0
0,11,10,73,2
0,1,5,33,1
0,32,8,39,1
0,5,10,9,0
0,0,4,11,0
0,8,1,9,0
0,2,4,33,0
0,0,10,57,0
0,8,5,22,0
0,9,2,4,0
0,1,9,36,0
0,17,5,25,0
0,3,8,16,0
0,5,2,9,0
0,12,3,9,0
0,0,4,16,0
0,0,6,24,0
0,7,6,24,0
0,10,8,24,1
0,0,10,44,1
0,4,1,13,0
0,12,6,43,1
0,3,16,95,1
0,12,16,47,0
0,5,0,8,0
0,17,6,49,1
0,0,8,41,2
0,0,12,35,1
0,4,1,11,0
0,1,17,15,0
1,7,5,23,0
0,34,10,74,2
0,7,9,34,0
0,2,1,11,0
0,0,9,25,0
0,0,8,45,2
24,22,10,105,2
0,6,2,20,0
0,0,12,69,0
0,6,5,62,0
0,0,1,50,0
0,0,9,57,0
0,1,11,60,0
0,0,6,34,0
17,18,10,74,0
0,0,1,0,0
0,3,10,11,1
0,0,6,60,0
0,23,8,61,1
0,0,7,33,1
0,1,8,58,0
0,4,0,17,0
0,0,6,51,0
0,6,3,10,0
0,8,0,6,0
0,26,5,39,1
0,4,2,26,0
0,0,3,34,2
20,11,6,62,1
0,24,8,40,1
0,12,5,22,0
0,17,0,23,0
0,22,4,66,0
0,11,0,47,1
0,10,3,12,0
0,6,1,8,0
0,0,11,28,0
0,7,1,24,0
0,7,4,8,0
0,21,5,32,0
0,8,5,38,0
0,4,3,37,1
0,0,7,37,0
0,4,0,10,0
1,0,9,59,0
0,1,3,39,0
0,20,3,33,0
0,5,4,17,0
0,0,9,33,0
0,7,7,40,1
1,0,4,16,0
0,8,1,10,0
0,0,6,38,2
0,5,0,5,0
0,6,2,24,1
0,0,8,47,0
0,28,10,44,2
0,8,5,12,0
0,5,0,2,0
0,14,0,8,0
0,0,8,32,0
0,13,7,21,0
27,10,3,13,0
0,0,9,25,3
0,10,0,4,0
0,0,4,35,0
0,8,2,13,0
0,0,18,87,0
0,12,2,19,0
0,5,2,12,0
0,2,1,6,0
0,0,14,43,3
0,28,8,49,0
0,0,1,18,0
0,7,2,30,0
0,9,8,40,0
0,0,7,40,2
0,18,1,6,1
0,17,3,31,1
0,6,5,10,0
0,6,5,38,1
0,0,3,15,0
0,10,4,4,0
0,0,19,91,0
0,4,2,5,0
0,0,5,41,2
0,0,11,27,0
0,13,0,23,0
0,15,2,2,0
0,17,2,42,0
15,19,3,76,0
0,9,1,20,1
0,0,17,63,0
0,13,1,24,0
0,0,5,27,0
0,15,1,4,0
0,9,3,8,0
0,0,15,28,3
0,11,8,30,0
0,37,2,46,0
0,0,6,50,2
0,10,1,8,0
0,8,2,16,0
0,9,2,39,0
0,9,6,40,0
0,3,0,5,1
0,11,1,6,0
0,3,7,40,0
0,12,8,23,1
0,3,7,34,0
0,7,9,17,0
0,7,2,8,0
0,0,7,50,2
0,14,4,10,0
0,6,4,8,0
0,4,2,5,0
0,17,12,59,0
0,2,8,35,1
0,13,0,4,1
0,6,2,6,0
17,11,4,6,0
0,13,7,45,0
1,8,3,12,0
0,33,6,70,5
0,5,5,40,0
0,0,9,45,0
1,19,12,103,6
0,8,3,8,0
0,7,3,49,1
0,23,5,27,0
1,4,1,31,0
0,15,8,27,0
0,0,8,56,1
0,18,2,36,1
0,2,0,8,1
0,4,0,0,0
0,13,3,32,0
0,12,1,29,0
0,1,13,68,1
0,0,9,35,1
0,10,12,52,1
16,4,8,32,0
0,8,0,6,0
0,7,0,1,0
0,10,37,38,0
0,0,17,38,1
0,0,4,45,0
0,78,12,78,2
0,0,15,49,0
0,1,1,12,0
0,0,21,56,0
0,5,2,8,0
0,6,1,23,1
0,32,3,47,1
0,0,13,41,0
0,0,8,28,0
0,0,3,33,0
0,0,16,74,0
0,0,11,42,2
0,9,2,4,0
0,1,0,6,1
0,13,4,51,1
4,4,5,44,1
13,0,11,40,0
0,2,1,4,0
0,6,2,20,0
0,2,1,30,1
0,1,13,52,2
0,3,1,3,0
0,0,5,8,0
0,4,1,11,0
0,9,1,5,0
0,18,9,43,0
0,14,0,18,0
0,11,6,83,3
0,7,2,12,0
0,12,4,24,0
0,4,9,49,0
1,10,2,30,1
0,4,2,10,0
0,1,7,38,0
0,6,5,8,0
0,6,6,33,4
0,0,5,34,0
0,0,11,35,1
0,0,21,63,0
0,16,7,47,0
0,3,0,8,0
0,8,4,4,0
0,0,7,62,0
0,5,1,12,0
0,3,3,20,0
0,17,1,10,1
0,0,3,21,0
0,2,1,2,0
0,3,2,6,0
0,1,9,45,2
0,8,1,6,0
24,4,11,37,0
0,23,0,10,0
0,4,14,66,1
21,0,9,63,0
0,8,7,27,0
0,6,2,16,0
4,5,3,16,0
0,6,5,44,0
0,13,8,46,2
1,0,2,15,0
0,0,7,35,0
0,1,10,46,0
0,1,0,0,0
0,8,7,16,0
0,10,4,13,0
0,0,2,32,0
0,2,0,1,0
0,0,0,15,0
0,20,3,11,0
0,9,2,7,0
1,0,10,29,0
0,11,4,4,0
37,0,5,45,2
0,20,5,60,0
20,13,6,53,3
0,0,4,36,3
0,0,5,15,1
0,0,0,34,1
36,0,10,51,0
0,11,7,42,0
0,0,8,60,2
0,0,2,34,0
0,29,4,70,1
0,18,10,109,1
0,0,3,34,0
0,13,2,11,2
0,0,7,25,0
0,0,6,26,1
0,0,11,33,2
0,5,0,8,0
0,5,13,45,3
0,2,1,8,0
0,16,6,33,0
0,0,15,43,1
0,8,0,9,0
0,2,2,9,0
0,11,0,11,0
0,0,15,32,0
1,4,4,32,3
0,0,7,24,0
0,10,0,9,0
0,13,1,6,0
0,6,0,7,0
0,11,13,21,0
0,21,1,3,0
0,6,9,24,0
0,2,2,8,0
0,39,7,23,0
0,5,6,21,0
0,8,2,35,0
0,39,4,53,0
34,27,8,110,2
0,0,7,25,0
0,0,10,47,1
0,9,0,4,0
0,0,7,15,2
0,3,9,37,5
0,0,9,24,0
0,7,6,20,0
0,4,2,4,0
0,0,5,25,1
0,12,1,7,0
0,14,19,51,1
0,0,8,52,1
0,3,4,31,1
0,7,1,11,0
34,4,21,40,2
0,17,3,30,2
0,12,4,21,0
0,3,1,2,0
0,0,6,12,0
0,0,17,8,0
0,2,5,28,0
0,15,0,13,0
0,5,4,11,0
0,47,8,61,0
0,14,8,27,1
0,10,5,36,0
0,7,4,29,0
0,3,19,16,0
0,13,16,80,0
0,23,5,56,2
0,7,7,58,0
0,16,4,38,0
0,7,4,28,0
0,1,2,25,0
0,13,5,54,2
0,12,5,45,0
0,47,8,60,0
0,0,5,38,0
0,5,3,37,1
0,0,12,6,0
0,3,4,7,0
0,34,9,35,0
0,0,1,9,0
0,9,3,19,0
0,11,2,23,1
0,0,7,37,1
0,0,1,22,0
1,4,2,9,0
0,0,18,10,0
0,11,5,11,0
0,6,3,38,0
0,29,11,61,1
0,4,0,6,0
2,18,7,41,0
0,0,4,35,0
0,8,3,8,0
0,0,7,39,0
0,11,1,5,0
0,37,7,61,1
0,2,4,22,0
0,0,4,65,5
0,5,3,8,1
0,2,9,56,0
0,0,1,7,0
0,12,2,36,1
0,0,2,26,1
0,0,3,32,0
0,3,0,2,0
0,5,0,3,0
0,55,6,32,2
0,0,6,33,0
0,7,8,61,0
0,24,0,15,0
0,12,0,6,0
0,0,9,39,0
0,0,5,28,3
0,8,0,18,0
0,5,1,5,0
0,11,7,37,0
0,5,1,13,0
0,0,6,37,2
0,5,1,36,0
0,26,21,106,0
0,24,7,48,1
0,14,6,26,0
0,25,5,43,1
0,3,0,6,0
0,6,1,7,1
0,4,8,63,0
0,0,11,32,2
0,0,16,58,0
0,6,1,26,0
0,8,0,6,0
0,12,3,13,1
0,9,2,13,0
0,31,4,25,1
9,40,8,22,1
0,0,0,0,0
0,1,3,39,2
0,0,4,19,0
0,7,0,5,0
1,9,8,41,0
0,6,1,13,0
0,1,0,2,0
0,0,1,17,1
0,8,1,9,0
0,10,10,82,1
0,8,0,9,0
0,1,3,20,0
0,5,3,3,0
0,5,7,54,0
0,7,1,8,0
0,7,0,6,0
0,0,5,37,0
0,0,13,39,0
0,0,26,38,0
0,15,6,55,4
0,1,13,68,1
9,11,5,4,0
0,6,17,75,3
0,0,3,1,0
35,2,5,8,0
0,0,18,60,0
0,7,1,10,0
0,12,0,2,0
0,7,2,11,0
0,2,5,58,2
0,8,4,70,0
0,4,5,50,2
10,35,8,70,2
0,0,6,27,0
0,6,4,25,0
0,0,5,43,0
0,2,2,0,0
0,12,1,14,0
0,0,7,33,3
0,7,3,31,0
0,7,1,5,0
0,6,3,8,0
0,12,5,45,0
0,4,2,3,1
0,7,1,9,0
0,0,15,47,0
0,0,8,35,1
0,7,0,1,0
0,22,8,46,0
0,10,10,57,1
0,0,6,26,0
0,0,8,12,0
0,7,1,9,0
1,0,9,39,3
0,6,1,12,0
0,7,4,7,0
0,5,3,4,0
0,15,3,30,2
0,0,1,28,0
0,4,0,6,0
4,25,8,131,3
0,3,5,24,0
0,0,5,36,2
0,17,6,84,2
0,7,2,9,0
0,9,0,8,0
0,10,1,14,1
0,9,3,26,1
0,0,4,62,3
14,8,5,38,1
0,13,3,29,0
0,0,8,23,0
0,10,2,22,0
0,3,0,2,0
0,12,7,59,0
0,44,12,79,4
0,6,3,7,0
0,0,5,44,1
0,0,4,45,0
0,5,2,9,0
1,1,7,37,2
0,0,9,44,0
0,10,5,9,0
0,12,8,28,0
0,11,6,39,0
0,65,10,43,0
0,19,4,82,3
0,10,6,53,0
0,8,3,13,0
0,0,11,72,0
0,34,6,78,0
0,0,3,14,0
0,20,10,58,1
0,4,0,10,0
0,0,3,20,0
0,5,1,10,0
0,0,11,56,4
0,15,4,35,0
0,10,3,6,0
2,70,3,37,0
0,10,0,20,3
0,5,0,11,0
0,2,3,11,1
0,18,13,54,1
0,4,12,44,0
0,0,9,14,0
0,10,2,12,0
0,43,6,32,0
0,16,0,16,0
18,25,8,48,1
0,0,10,32,0
0,5,2,1,0
0,8,4,29,0
0,18,1,14,0
0,0,4,24,0
0,5,2,5,0
0,7,1,21,0
0,6,13,57,1
0,8,12,21,0
0,0,1,13,0
0,19,0,17,0
0,0,0,9,0
21,18,9,47,0
0,7,2,8,0
0,19,3,40,0
0,0,6,26,2
0,4,4,26,1
1,8,10,47,1
0,0,5,37,1
0,0,3,34,1
0,0,9,46,2
0,41,4,54,0
0,0,14,44,2
0,40,5,32,0
0,28,7,56,2
0,0,5,43,1
0,0,8,27,1
0,0,7,15,0
0,8,2,19,0
0,2,2,36,1
0,0,8,55,1
0,11,3,5,0
0,0,8,45,4
0,14,7,59,0
0,0,12,38,2
0,19,4,60,0
0,0,6,36,3
0,5,3,6,0
0,7,2,23,0
0,5,3,12,0
24,0,22,62,0
0,20,8,70,0
0,8,8,32,1
0,0,13,48,2
0,11,6,42,0
0,4,9,16,0
0,0,6,30,0
0,0,0,33,0
0,2,3,32,0
0,7,4,27,0
0,27,12,20,0
0,0,3,42,1
0,0,9,26,0
0,6,0,8,0
0,0,8,23,0
0,0,18,43,1
0,73,6,66,0
0,5,27,49,2
0,6,2,13,0
0,5,4,20,0
22,0,9,63,1
0,14,1,21,0
0,10,6,21,0
0,0,10,35,1
0,0,8,42,1
0,33,6,37,1
0,3,2,1,0
1,13,4,47,0
0,4,2,7,0
0,0,9,43,0
0,12,3,38,0
0,12,3,43,0
0,34,9,57,0
0,0,7,12,0
0,0,10,69,0
0,28,12,70,1
0,29,5,33,0
0,0,0,12,0
0,0,2,4,0
0,1,6,36,0
0,9,1,7,0
0,0,4,23,0
0,22,6,37,0
0,0,9,45,0
0,0,9,31,0
0,4,5,36,0
0,0,8,38,0
0,2,13,75,5
0,4,2,8,0
0,13,1,12,0
0,13,6,36,0
0,14,4,5,0
0,7,2,21,0
0,1,9,45,0
0,13,1,44,0
0,1,13,61,4
0,15,9,36,2
0,8,5,9,0
0,5,2,11,0
1,0,12,39,2
0,4,0,10,0
0,0,8,58,2
0,0,9,44,1
0,1,1,4,0
0,1,1,6,0
0,17,3,36,1
0,11,5,20,0
0,0,6,46,0
0,10,7,45,0
0,0,3,15,0
0,5,6,10,0
0,5,0,4,0
0,0,1,6,0
0,0,14,53,0
0,30,0,15,0
0,0,11,56,0
0,1,2,1,0
0,7,1,4,0
0,7,5,30,0
0,33,7,51,0
0,8,10,57,2
0,9,0,9,1
0,18,3,41,0
0,12,1,13,0
0,7,4,9,0
0,6,5,76,0
0,0,10,14,0
0,0,12,30,2
0,5,3,5,0
0,40,3,68,0
0,3,4,16,0
0,3,2,11,0
0,7,1,4,0
0,0,7,53,0
0,8,5,15,0
1,23,2,41,0
0,0,17,44,0
0,0,3,48,0
0,0,5,38,0
0,5,2,3,0
0,2,2,12,0
0,9,3,54,1
0,8,3,33,2
0,5,3,28,0
0,2,2,11,0
0,0,2,14,1
0,0,9,50,1
0,1,4,18,1
0,4,0,12,0
0,2,7,20,0
0,26,4,32,1
0,9,3,13,0
0,19,4,35,1
0,18,8,13,0
0,2,3,20,0
0,18,1,23,0
0,5,0,3,0
0,21,7,57,0
0,14,0,3,0
0,31,4,46,0
0,7,0,8,0
0,3,2,7,0
0,0,14,50,0
0,3,2,23,1
0,0,0,0,0
0,14,4,23,0
0,6,1,14,1
0,5,5,44,1
0,4,0,9,0
0,0,2,13,0
0,5,1,13,0
0,8,2,5,0
0,4,10,28,1
0,11,0,28,1
0,20,15,69,1
0,0,7,29,2
0,11,1,9,0
1,26,28,32,1
0,9,2,7,0
0,7,6,27,2
0,9,5,60,0
19,0,14,56,0
0,1,12,82,0
0,10,3,7,0
0,5,1,6,0
0,6,2,26,0
0,0,18,8,1
0,8,6,14,0
0,7,1,13,0
0,3,2,6,0
0,7,3,8,0
0,0,16,37,0
0,22,7,87,0
0,3,2,8,0
0,5,5,10,0
0,3,2,1,0
0,9,0,6,0
0,17,4,86,1
0,31,5,55,1
0,7,2,12,1
0,21,8,59,1
0,0,12,51,1
0,0,6,41,0
0,0,4,28,3
0,5,7,29,1
0,1,0,37,1
0,6,6,37,0
0,2,4,34,1
0,5,1,10,0
0,0,12,55,0
0,12,16,54,2
0,1,17,50,0
0,9,2,23,0
0,12,7,43,1
0,5,1,8,0
0,14,6,26,0
0,0,18,14,0
0,8,2,6,0
0,23,10,28,1
0,12,0,1,0
0,4,1,19,0
54,13,2,23,0
0,0,6,20,0
0,9,4,17,0
0,5,2,8,0
0,12,5,19,0
0,2,2,10,0
0,3,1,20,0
0,0,14,21,0
0,0,9,31,0
0,8,2,39,0
0,15,4,51,1
0,4,1,18,0
0,7,1,16,0
0,11,2,19,0
0,26,22,46,0
0,0,7,50,2
0,1,2,16,0
32,74,9,80,0
0,15,12,50,1
0,9,0,11,1
1,6,0,11,0
0,17,6,34,0
0,29,8,59,1
0,6,1,15,0
0,0,4,16,1
0,10,4,12,0
0,3,4,21,0
0,14,5,67,1
0,27,15,59,0
0,2,2,3,0
0,3,1,5,0
1,0,8,22,0
0,23,12,115,0
0,0,7,54,2
0,12,5,37,0
0,29,13,93,6
17,0,4,29,0
0,4,0,6,0
0,8,1,9,0
0,6,4,27,0
0,11,8,26,0
0,7,0,6,0
0,29,3,68,0
0,4,3,31,0
0,19,2,8,0
0,0,5,25,2
0,0,9,34,0
0,17,3,42,1
0,7,1,25,0
0,0,3,22,0
0,17,1,36,0
0,5,2,10,0
0,17,5,36,0
0,11,0,21,0
1,4,4,50,0
1,18,1,39,0
0,8,3,17,0
0,0,13,47,0
0,12,2,10,0
0,0,5,42,1
0,0,16,52,2
0,15,3,3,0
0,7,1,3,0
0,10,1,30,0
0,0,8,47,1
0,24,6,52,1
1,7,2,31,0
0,10,5,14,0
0,1,3,12,0
0,6,0,5,0
0,8,1,9,0
0,19,11,43,0
0,0,17,22,0
0,14,5,78,1
0,3,4,22,0
0,0,4,17,0
0,2,3,12,0
0,9,1,5,1
0,0,16,27,0
0,6,9,30,0
29,0,13,50,1
12,10,0,19,0
0,1,8,14,0
0,1,24,30,1
0,4,3,26,0
0,0,9,60,2
0,0,7,28,0
0,5,0,10,0
0,6,2,9,0
0,1,3,17,0
0,8,2,13,0
0,13,0,10,0
0,20,7,41,1
0,1,2,34,0
0,9,5,23,0
37,0,7,1,0
0,2,3,6,0
0,3,7,13,1
0,10,5,33,1
0,6,3,23,0
0,20,6,55,1
14,8,19,73,1
0,21,3,6,2
0,0,13,32,0
0,59,8,57,0
0,16,5,51,0
1,7,11,43,2
0,0,6,13,0
1,7,1,5,0
0,11,4,42,0
0,0,13,47,0
0,7,5,27,0
0,34,3,36,0
0,17,7,38,0
0,1,0,0,0
0,0,7,20,1
0,10,1,4,0
0,0,10,32,0
0,1,6,36,0
0,0,12,63,0
0,39,8,50,0
0,23,8,40,1
0,4,3,8,0
0,0,8,54,0
1,14,7,56,1
0,9,1,26,0
0,0,3,23,0
0,0,0,5,0
0,10,0,7,0
0,6,2,19,2
0,4,0,2,0
0,13,1,7,0
0,18,0,26,1
0,5,2,9,0
1,5,9,81,1
0,2,2,8,1
1,0,3,28,0
0,0,17,35,2
0,29,2,11,1
0,13,6,29,0
0,3,0,15,0
0,13,5,37,0
0,12,7,31,0
24,0,6,31,0
0,0,9,97,0
0,0,0,0,0
0,0,7,35,0
0,0,7,26,0
0,15,3,12,0
0,5,0,9,0
0,10,6,35,1
0,7,4,19,0
0,3,1,9,1
0,14,4,42,0
24,14,12,114,2
0,0,10,47,0
1,43,2,13,0
0,0,5,10,1
0,4,3,30,0
0,4,2,6,0
0,5,1,8,0
0,20,5,48,0
22,18,1,14,0
0,0,18,52,0
0,18,11,47,2
0,1,2,26,0
0,18,5,43,0
0,7,0,9,0
0,0,5,47,2
0,21,4,26,0
0,10,2,58,1
0,0,10,43,2
0,7,4,8,0
0,1,8,35,1
0,5,4,13,0
0,5,6,11,0
0,4,1,8,0
0,13,8,16,0
0,0,6,43,0
0,0,6,20,0
0,0,9,37,1
0,16,9,38,1
0,9,7,61,1
0,22,5,45,0
0,60,7,61,1
0,0,7,26,0
0,35,5,28,0
32,3,0,9,0
0,10,2,14,0
1,21,5,46,0
0,7,5,13,0
0,0,4,20,0
0,3,2,15,0
1,3,1,9,0
0,0,4,44,0
0,3,2,9,0
0,1,1,19,0
0,12,3,23,0
0,10,5,24,0
0,2,9,30,1
0,9,4,30,0
0,23,3,27,0
0,7,4,27,0
0,0,5,12,2
0,21,9,54,0
0,0,2,16,0
0,7,2,19,0
0,6,4,24,1
0,5,8,33,0
0,0,10,32,0
0,11,3,29,0
0,0,14,23,0
0,3,9,50,1
0,29,3,46,0
0,5,0,5,0
1,17,5,31,1
0,10,7,40,0
0,1,11,34,1
0,4,4,26,0
0,14,4,18,0
0,5,3,24,1
0,0,10,22,0
0,5,0,4,0
0,0,0,0,0
0,0,5,61,1
0,4,2,11,1
0,0,12,103,4
0,2,4,3,0
0,1,7,46,2
0,0,7,32,0
0,2,5,25,0
0,4,3,22,0
0,4,1,5,0
0,6,4,6,0
0,0,7,30,0
0,4,0,27,0
0,0,9,47,2
0,26,4,36,0
0,33,10,54,1
0,8,2,21,0
0,0,7,55,2
0,4,1,7,0
0,11,14,80,2
0,13,4,23,0
0,0,12,36,0
0,0,8,36,2
0,3,9,25,0
0,5,6,50,1
0,4,3,1,0
1,3,4,21,0
0,10,0,4,0
0,3,1,10,0
0,0,17,59,3
0,3,5,33,0
0,3,1,3,0
0,0,8,11,0
0,5,3,8,0
0,9,3,9,0
0,12,18,8,0
0,10,6,10,0
0,0,5,27,0
0,13,4,36,0
0,16,13,42,2
0,0,4,27,2
0,36,2,76,2
0,4,2,27,1
0,10,5,25,0
1,10,12,73,1
0,8,1,31,2
1,1,3,35,0
0,4,3,5,0
0,3,1,11,0
0,0,14,33,3
0,0,3,70,0
0,19,10,44,0
0,4,2,10,0
0,9,1,3,0
0,0,1,2,0
0,6,3,9,0
0,2,4,24,0
27,1,15,63,0
0,12,1,9,0
1,13,6,24,0
0,12,8,41,3
0,0,8,57,1
0,0,6,35,0
0,1,6,46,0
0,3,1,3,0
0,0,6,33,0
0,3,0,0,0
0,13,3,40,0
1,13,0,13,0
0,0,9,99,4
0,0,12,41,0
0,43,13,62,0
0,18,3,33,0
0,4,1,9,0
0,7,5,23,0
0,11,4,16,1
0,18,7,63,0
0,5,0,5,0
0,1,2,40,0
0,4,1,10,0
0,12,5,30,0
0,0,7,43,1
0,0,4,69,0
0,0,3,34,1
0,23,7,26,0
0,4,0,15,0
0,13,2,23,0
1,1,3,25,0
0,0,7,47,2
0,6,0,7,0
0,16,3,41,0
0,0,7,38,3
2,9,12,57,2
0,0,10,28,3
0,8,5,23,0
0,9,0,12,0
0,9,3,34,0
0,0,5,40,0
0,13,4,29,1
0,26,2,40,0
0,4,0,4,0
0,11,4,33,0
0,0,3,24,1
0,16,4,44,0
20,12,2,29,1
0,0,7,42,0
0,5,1,6,0
0,14,11,11,0
0,0,8,40,0
0,11,9,38,0
0,18,4,8,0
0,18,3,19,0
0,4,0,13,0
0,1,6,27,1
0,0,12,36,0
0,0,10,43,2
0,0,1,33,3
0,5,0,7,0
0,18,4,51,1
0,0,3,22,1
0,0,6,14,4
0,0,10,48,0
0,1,8,22,0
0,0,8,54,0
0,16,5,28,0
0,5,0,5,0
0,3,2,34,2
0,12,2,4,0
0,0,3,5,0
0,0,6,6,0
0,8,7,23,0
0,4,1,13,1
0,0,12,30,1
0,0,6,38,0
0,19,0,14,1
0,7,1,8,0
0,10,0,11,0
0,5,1,10,0
0,10,0,13,2
39,7,2,11,0
0,1,0,18,0
0,0,1,27,0
0,0,3,24,1
0,2,0,6,0
0,2,2,31,2
0,4,2,7,0
0,1,7,72,2
0,2,3,5,0
0,1,3,39,0
0,0,7,47,2
0,4,0,16,0
0,18,6,40,1
0,0,4,34,1
0,4,0,5,2
0,4,8,34,0
30,0,2,40,0
0,0,9,33,4
0,0,5,28,0
0,11,3,16,0
0,0,9,39,1
0,9,4,23,0
0,4,2,17,0
0,0,4,21,2
0,18,5,55,1
0,0,19,26,0
0,0,11,95,3
0,6,0,1,0
0,1,6,56,1
0,0,6,22,0
0,1,10,71,4
0,0,5,43,0
0,0,5,24,0
0,13,4,31,1
0,60,11,69,1
0,4,1,16,0
0,6,0,7,0
0,6,0,8,0
0,0,6,65,1
0,4,1,11,0
0,4,2,20,0
0,8,5,49,2
0,0,11,71,0
0,7,2,7,0
0,0,7,28,0
0,18,4,31,0
0,7,1,9,0
0,7,3,10,0
0,1,4,19,1
20,0,11,38,0
0,9,7,28,0
0,7,0,6,0
0,2,8,17,0
0,20,8,68,0
0,0,6,42,3
0,0,5,12,0
0,21,10,36,0
0,39,8,59,0
0,5,3,28,0
1,16,4,46,0
0,3,3,12,1
0,2,11,48,0
0,7,0,9,1
1,5,4,6,0
0,6,2,17,0
0,1,2,10,0
0,6,2,16,0
0,4,3,68,1
0,39,9,68,2
0,12,7,53,0
0,7,4,4,0
0,4,2,27,0
0,5,1,6,0
0,0,9,47,1
0,8,3,52,0
0,6,4,9,0
0,0,4,20,0
0,5,3,42,0
0,0,6,49,1
0,3,6,19,0
0,10,1,30,0
0,0,8,29,1
0,2,0,4,1
0,3,2,0,0
0,0,8,22,0
0,8,8,66,1
0,8,4,40,0
0,3,2,8,0
0,8,1,7,1
0,0,6,12,0
0,5,0,15,0
0,7,4,35,2
0,0,8,34,1
0,14,9,40,0
0,16,5,36,0
0,0,3,43,0
0,5,2,9,0
0,0,14,46,2
0,0,0,12,0
0,6,2,5,0
0,0,2,46,2
0,0,4,42,1
1,5,0,8,0
0,5,4,7,0
0,0,7,29,1
0,0,11,39,0
0,2,1,10,0
21,87,4,53,1
0,0,4,42,0
0,0,9,22,3
0,11,4,39,1
21,5,7,35,0
0,0,10,71,2
0,15,2,29,0
0,19,2,31,0
0,8,4,15,0
0,13,4,21,0
0,0,4,13,0
0,8,2,4,0
0,2,4,25,2
0,4,3,25,0
0,0,8,41,0
1,19,21,134,4
0,6,3,50,0
0,1,1,32,0
0,7,13,42,0
0,9,6,31,0
0,10,8,32,0
0,4,1,8,0
0,12,4,38,1
1,13,5,24,0
0,6,1,12,0
0,0,5,24,1
0,3,10,1,0
32,0,7,25,1
0,0,9,21,1
0,60,2,83,0
0,8,3,50,3
0,12,0,6,1
0,16,3,23,0
0,0,4,41,1
0,0,9,51,3
1,12,1,6,0
0,5,2,32,1
0,3,3,3,0
0,0,8,27,0
0,0,4,21,0
1,7,11,44,0
0,0,2,24,0
1,0,17,44,2
0,7,3,23,0
0,0,10,42,0
0,0,12,29,2
0,0,9,18,0
0,0,5,46,2
0,0,11,41,0
0,0,4,35,2
0,9,3,7,0
0,3,2,68,1
2,16,8,87,5
13,21,8,27,0
0,40,10,100,5
1,4,11,32,0
0,3,3,10,0
0,13,0,8,0
0,3,0,5,1
15,0,6,29,0
0,0,9,48,0
0,6,1,7,0
0,3,2,5,0
0,20,2,25,0
0,3,2,23,0
0,3,0,2,0
0,5,0,5,0
0,25,3,52,1
0,8,1,7,1
0,16,11,67,0
0,5,3,29,0
0,9,2,7,0
0,41,6,56,1
23,2,13,48,5
0,1,13,103,1
0,0,4,16,0
0,8,3,7,0
0,0,3,33,0
0,0,14,75,0
17,0,4,37,1
0,19,2,20,0
0,16,2,21,0
0,1,0,13,0
0,17,4,32,0
0,7,1,16,0
0,2,6,11,0
0,2,2,7,0
0,27,5,45,0
0,0,4,23,0
0,0,11,34,0
0,25,0,8,0
0,5,5,46,0
0,15,4,22,0
0,1,4,8,0
0,1,4,25,0
22,0,6,41,0
0,6,3,27,0
0,0,6,10,0
0,6,8,35,0
0,6,1,7,0
0,5,1,10,0
0,0,10,17,0
0,0,5,30,0
0,7,1,9,0
0,9,1,4,0
0,41,10,64,1
0,0,1,33,0
0,8,6,10,0
0,6,9,65,1
0,0,7,19,0
0,8,4,21,0
0,0,5,15,1
0,0,12,30,0
0,14,7,68,0
0,7,3,28,0
0,9,1,7,0
0,4,16,12,0
0,1,11,75,4
0,10,8,46,1
0,0,4,37,0
3,38,17,66,2
0,10,4,19,0
0,11,7,13,0
0,0,1,20,0
0,1,6,53,3
0,0,14,39,1
0,0,14,49,0
0,1,5,31,1
0,2,2,20,0
0,5,1,5,1
0,0,10,5,0
0,23,7,56,1
0,0,6,27,1
0,9,2,16,0
0,0,5,32,1
0,0,3,21,1
0,19,4,26,0
0,25,5,47,0
0,0,6,42,0
0,3,2,7,0
0,3,0,4,0
0,0,1,27,0
0,10,4,14,0
0,2,1,7,1
0,3,6,26,0
0,11,0,5,0
0,0,3,14,0
1,0,2,46,0
0,0,3,60,2
0,2,2,8,0
0,0,7,23,0
0,1,4,13,0
0,18,2,38,1
0,4,3,20,0
0,0,5,41,1
0,6,0,3,0
0,0,11,25,0
0,1,5,36,0
0,12,14,55,0
0,7,1,27,0
0,0,12,28,1
0,8,0,3,0
0,14,5,26,0
0,19,3,18,0
27,79,3,77,3
0,12,0,35,0
0,0,3,43,1
0,37,3,43,0
0,0,11,48,0
0,0,14,31,3
0,18,1,31,0
0,0,9,37,0
0,0,7,27,0
0,0,7,40,0
26,10,5,26,0
0,26,2,5,0
0,0,5,14,0
0,6,0,0,0
0,0,6,7,0
0,7,2,7,1
0,0,8,24,0
0,4,7,38,1
0,0,6,19,0
0,6,0,7,0
0,1,3,8,1
0,8,0,6,0
0,10,0,4,0
0,0,8,45,0
0,25,3,41,0
0,0,8,46,2
0,1,12,35,1
0,0,11,23,1
0,7,0,6,0
0,39,4,34,0
0,4,4,9,0
0,10,1,1,0
0,0,10,70,2
0,23,10,55,2
0,5,5,9,0
0,12,1,18,1
0,0,3,22,1
0,0,2,25,0
0,9,1,5,0
0,8,0,7,0
0,9,4,36,1
1,2,6,25,1
0,0,7,25,0
0,26,14,63,1
0,6,4,14,0
17,0,4,68,1
0,5,4,6,0
0,15,0,2,0
0,2,0,11,2
0,38,17,77,3
0,8,2,11,0
0,1,5,68,1
0,2,2,10,0
0,2,3,14,0
0,6,2,8,0
0,1,1,47,1
0,30,2,19,0
19,14,4,70,1
0,3,5,12,0
0,3,8,40,0
0,46,4,40,0
0,0,8,37,3
0,0,11,42,0
0,17,4,55,2
0,0,13,42,1
0,0,3,24,0
13,7,0,0,0
0,12,2,5,0
0,0,7,19,0
0,5,9,30,0
0,18,3,35,0
0,0,12,62,0
0,1,5,20,0
0,20,11,46,1
0,3,3,43,0
0,13,2,29,1
0,0,3,8,0
0,3,7,41,0
0,23,3,28,0
0,4,2,10,0
0,0,10,36,1
0,7,1,8,3
0,0,6,42,0
0,0,1,4,0
0,0,5,35,0
0,18,7,42,0
0,0,1,45,3
0,0,12,52,3
1,13,4,21,1
0,2,3,43,0
0,0,10,96,0
0,4,0,5,1
0,1,4,12,0
0,2,3,3,0
0,0,4,10,0
0,0,13,48,0
0,5,4,46,1
0,6,7,37,0
0,8,1,8,0
0,7,1,2,0
0,5,2,22,0
0,14,0,8,0
0,10,4,52,1
0,2,2,22,0
0,0,4,45,1
0,7,3,9,0
0,1,9,47,1
0,0,5,59,1
1,0,11,97,3
0,1,5,24,2
0,1,5,36,0
2,25,20,55,2
0,3,2,4,0
0,0,1,13,0
18,36,3,11,1
0,4,3,7,0
0,3,0,31,2
18,0,4,25,0
0,13,8,34,0
0,16,2,4,0
0,0,4,23,0
0,2,0,5,0
0,1,8,17,0
0,5,0,12,0
0,5,0,7,0
0,6,1,5,0
0,0,5,10,3
0,4,0,4,0
0,1,12,49,2
0,0,5,31,1
0,11,5,28,0
0,1,9,56,2
0,7,1,13,0
0,10,0,4,0
0,2,5,25,0
0,4,9,32,0
0,14,2,46,0
0,0,8,25,0
0,2,2,6,0
0,0,7,35,0
0,8,2,4,0
0,10,1,19,0
0,0,6,15,0
0,5,5,17,1
0,0,8,49,0
0,0,5,55,0
0,6,0,13,0
0,0,3,23,0
0,5,0,16,0
0,0,7,17,0
0,0,13,46,0
0,5,0,4,0
0,0,11,38,0
0,33,5,60,0
0,9,3,20,0
0,6,22,25,0
0,0,3,58,1
0,0,5,2,0
0,0,9,50,3
0,0,2,30,1
0,0,5,16,0
0,8,3,14,0
0,6,2,19,0
0,0,22,76,1
0,6,2,10,0
0,3,3,7,0
0,3,3,17,0
0,9,3,21,0
0,7,8,22,0
0,0,7,30,1
0,4,9,14,0
0,3,5,28,0
0,2,5,30,0
0,0,10,28,0
0,3,1,20,0
0,0,3,5,0
23,0,21,71,5
0,3,2,4,0
0,0,6,45,0
0,0,5,24,0
0,7,0,4,0
34,3,7,28,0
1,9,6,41,0
0,3,3,34,1
0,12,4,14,0
0,0,17,61,1
0,0,17,62,4
0,16,1,14,0
0,1,4,19,0
0,0,5,13,0
0,12,2,16,0
0,0,16,45,3
0,21,7,58,2
0,10,6,46,3
0,5,5,23,0
0,13,1,14,0
0,1,5,65,0
0,0,2,15,0
0,10,1,10,0
3,16,2,59,0
0,6,0,6,0
0,9,1,35,0
0,0,6,52,0
0,9,2,29,2
0,28,2,47,0
0,14,5,24,0
0,0,6,30,0
0,5,3,7,0
0,0,9,33,0
0,3,1,7,0
0,3,4,31,0
0,16,1,32,0
0,1,0,8,0
0,0,1,5,0
0,12,4,15,0
0,0,3,28,2
0,11,5,16,1
18,9,1,5,0
0,2,2,18,0
11,6,0,5,0
0,6,0,4,1
0,3,4,33,0
0,0,8,15,0
0,16,1,10,0
0,7,0,14,0
0,18,8,55,0
0,7,2,7,1
0,0,12,77,4
0,0,4,32,2
0,4,1,5,0
0,31,3,12,0
0,9,5,26,0
0,1,6,16,0
0,0,7,56,2
0,0,10,30,0
0,12,2,1,0
0,0,8,24,1
0,14,6,23,0
1,0,2,19,1
0,10,2,21,0
1,10,4,39,0
0,0,11,49,3
0,7,6,32,3
0,7,1,25,0
0,15,3,52,1
0,10,2,45,0
7,0,1,3,0
0,0,17,67,1
0,1,3,39,0
0,0,5,20,0
0,0,9,24,4
0,0,7,68,1
0,5,0,10,0
0,4,1,5,0
0,7,4,6,0
0,22,7,81,1
0,17,3,18,0
0,1,4,50,0
0,0,6,33,0
0,5,0,8,0
0,5,3,24,0
0,0,3,33,0
0,5,0,6,0
0,9,2,10,0
0,8,19,70,1
0,7,4,8,0
0,3,7,32,0
0,2,0,1,0
0,0,4,33,1
0,0,4,16,0
0,8,7,20,0
0,15,4,16,1
0,9,6,46,0
0,8,5,46,0
0,14,4,12,1
0,0,12,52,3
0,0,3,35,1
0,9,1,8,0
0,6,4,9,0
0,3,12,50,1
0,0,10,60,1
0,0,3,42,2
14,9,4,71,3
0,5,3,10,0
0,9,0,27,2
0,0,6,30,2
0,9,0,10,0
0,1,3,49,2
0,0,14,59,2
0,0,16,28,1
0,9,8,30,0
0,12,5,16,0
0,7,1,9,0
0,0,8,21,0
0,7,0,18,0
0,0,1,14,0
0,3,0,10,0
0,6,8,21,0
0,10,3,34,0
29,0,6,26,0
0,0,6,30,0
0,0,4,27,0
0,2,12,85,1
0,0,1,23,0
0,5,0,8,0
0,8,8,33,1
0,12,5,61,0
0,0,6,70,1
0,0,14,93,5
0,11,7,40,0
0,7,1,17,0
0,9,5,22,1
0,2,10,43,1
0,5,4,9,0
0,11,8,21,0
1,21,2,50,0
0,9,5,28,0
0,0,8,20,0
0,64,7,60,0
2,37,4,64,1
0,7,6,7,0
0,79,11,57,2
0,3,1,31,0
0,0,7,21,0
0,0,17,62,2
0,40,4,51,0
0,0,8,16,0
0,20,2,45,1
0,7,11,31,0
0,22,4,52,0
0,8,8,22,0
0,5,0,8,0
0,6,1,6,0
0,0,14,47,0
0,9,0,6,0
0,5,4,30,0
32,15,0,7,0
0,0,6,39,0
0,8,2,31,0
0,11,2,29,0
5,6,12,53,1
0,0,10,38,0
0,20,3,21,0
0,11,6,25,0
0,0,8,35,1
0,15,3,61,2
27,27,2,21,1
0,0,7,30,1
0,11,15,52,3
0,0,13,41,2
0,3,4,22,0
2,13,2,13,0
0,11,1,3,0
0,0,5,26,0
0,4,6,29,0
0,0,9,26,0
0,6,2,7,0
0,8,12,24,0
0,0,7,18,1
0,12,1,9,0
0,6,3,3,0
0,9,1,34,0
0,5,12,103,3
0,0,7,43,3
0,8,2,7,0
0,0,5,25,3
0,0,11,24,0
0,4,6,26,0
0,5,1,4,0
0,6,10,100,1
0,21,13,40,0
0,0,13,61,0
0,5,3,22,1
0,6,1,6,0
0,12,1,7,1
0,4,4,17,0
0,16,6,9,0
0,0,3,30,0
0,0,6,60,2
0,1,3,10,0
0,1,1,46,1
0,0,10,52,1
0,0,14,88,4
0,10,2,25,0
15,34,4,43,3
0,0,5,33,0
0,31,11,47,0
0,0,5,29,0
0,4,1,3,0
0,4,1,8,0
0,6,0,10,0
0,5,2,18,0
0,10,3,14,0
0,0,5,11,0
0,2,2,13,0
0,9,4,27,0
0,0,7,28,2
1,0,9,13,0
0,5,1,6,0
0,1,3,20,1
0,0,1,36,1
0,4,1,4,0
0,0,6,38,2
0,7,5,28,0
0,0,6,25,0
0,16,7,39,0
0,9,4,26,0
0,5,2,48,0
2,1,7,45,7
0,6,7,78,2
0,4,0,6,0
0,14,6,30,2
0,0,0,4,0
0,3,0,9,0
0,4,1,5,0
0,3,1,24,0
0,8,5,23,2
0,8,1,14,0
0,5,2,10,0
0,0,6,22,0
0,6,4,21,0
0,3,1,3,0
0,0,8,26,0
0,3,4,25,0
0,0,5,4,0
0,9,2,20,0
0,0,7,23,0
0,2,1,3,0
0,0,3,24,0
0,5,1,15,0
0,7,6,57,0
0,17,3,26,1
11,0,14,47,1
0,0,11,50,0
0,7,5,24,0
0,0,8,50,0
0,6,2,3,0
0,6,0,1,0
0,12,2,12,0
0,4,2,13,1
0,14,5,28,0
0,0,11,28,1
0,0,5,32,1
0,6,5,20,1
0,0,8,45,0
0,0,10,35,0
0,0,0,1,0
0,10,3,18,0
0,1,8,46,1
0,6,0,5,0
0,0,8,49,1
0,0,6,64,1
0,1,6,23,0
0,0,10,43,0
0,0,6,36,0
0,1,11,31,1
0,3,2,10,0
0,3,3,34,0
22,12,16,67,4
0,3,1,8,0
0,0,6,22,0
16,0,25,82,5
3,5,3,41,0
0,0,4,22,0
0,26,5,60,0
0,10,2,5,0
0,10,5,21,1
0,0,1,36,0
7,3,11,69,5
0,0,8,73,0
0,11,1,5,0
0,8,0,22,0
1,13,8,64,3
0,13,3,14,0
0,7,9,45,2
0,0,3,21,1
0,11,2,5,0
0,5,6,28,0
1,0,16,44,1
0,0,13,40,1
0,11,8,65,0
0,0,15,42,0
0,4,4,13,0
0,20,1,17,0
0,0,7,30,2
0,0,8,16,1
0,0,11,47,1
0,5,4,8,0
0,12,4,5,0
0,7,4,8,0
0,6,3,26,0
0,3,0,13,0
0,40,8,51,0
0,16,5,10,0
0,8,5,15,0
0,0,8,28,0
0,12,3,7,0
0,11,2,48,0
0,9,3,8,0
0,21,7,40,0
0,3,3,28,0
0,23,2,16,0
0,0,5,27,0
0,9,1,9,0
0,6,2,5,0
0,3,5,39,0
0,21,9,37,0
0,2,17,94,0
0,0,12,67,1
0,19,0,8,0
0,1,3,37,2
0,8,0,32,0
0,0,4,38,0
0,5,0,9,0
0,0,5,30,0
0,20,5,30,0
0,1,2,10,0
0,12,0,3,1
0,9,6,43,0
0,0,4,32,1
0,15,9,33,0
0,0,9,30,0
0,6,1,25,0
0,1,6,31,1
0,13,2,12,0
0,13,3,37,1
0,10,5,35,0
0,7,9,41,0
0,0,5,26,1
0,5,3,8,0
0,0,10,61,0
0,0,9,30,1
1,0,5,35,3
12,10,0,16,0
0,1,20,50,1
0,5,5,29,1
0,2,2,14,2
0,3,7,44,1
1,15,8,56,2
0,7,4,25,0
0,0,8,38,0
0,4,0,2,0
1,0,4,55,0
0,0,2,22,0
0,0,8,47,0
0,4,2,29,1
0,5,0,10,0
1,3,4,9,0
1,0,11,65,1
0,7,7,18,1
0,10,2,4,0
0,9,12,55,1
0,9,5,52,1
0,0,5,33,1
0,0,12,47,0
0,0,8,51,1
0,4,2,18,1
0,0,6,54,0
0,0,6,54,0
1,0,6,29,0
0,4,5,32,0
0,0,13,26,1
0,12,7,84,0
0,16,6,49,0
0,0,9,37,0
0,0,13,45,0
0,0,4,29,0
0,12,2,20,0
0,0,9,67,2
0,21,3,29,0
0,3,1,12,0
0,10,0,24,0
0,11,5,38,0
0,7,3,9,2
0,11,3,14,0
0,6,4,47,1
0,5,6,32,0
0,9,0,4,0
9,16,2,23,0
0,0,10,27,0
0,3,2,26,0
0,0,11,32,1
0,15,9,35,0
0,0,8,44,1
0,0,14,84,6
1,21,6,36,0
0,17,9,45,0
0,1,3,5,0
0,0,4,7,0
0,5,4,12,0
0,0,10,32,0
1,34,4,63,0
0,5,1,8,0
0,23,0,3,0
0,10,0,9,0
0,0,5,34,2
0,6,2,3,0
0,0,8,37,0
0,12,5,47,2
7,0,18,62,0
0,51,19,108,4
0,0,18,37,1
0,3,3,30,0
0,6,10,40,1
0,2,1,4,0
0,0,15,21,2
0,0,6,9,1
0,0,8,33,0
0,17,0,12,0
0,0,1,15,0
1,8,2,12,0
0,7,8,25,1
0,7,2,8,0
0,6,3,23,1
0,3,2,13,0
0,7,1,5,0
0,9,4,22,0
0,6,0,4,0
0,5,3,24,0
0,15,7,23,0
0,0,5,45,3
0,1,0,18,0
0,22,16,60,0
0,0,9,62,0
0,4,3,20,0
0,2,9,72,1
0,2,1,10,0
0,10,3,19,1
0,0,3,26,0
0,0,3,25,0
0,13,0,5,0
0,9,1,11,0
0,15,4,38,1
0,30,19,40,0
0,7,0,0,0
0,0,2,4,0
1,0,5,28,2
0,14,1,16,2
0,5,1,9,0
0,0,4,23,2
0,0,4,29,0
0,3,0,4,0
17,7,3,10,0
0,79,11,98,1
0,6,0,10,0
0,6,5,11,0
0,0,4,22,0
0,9,9,40,3
0,24,2,21,0
0,25,3,52,0
0,6,5,55,0
0,0,7,25,0
0,1,6,36,0
0,0,13,40,2
0,0,6,49,2
0,16,2,50,0
0,11,2,3,0
0,0,10,7,0
0,12,1,11,0
0,4,7,32,0
0,11,6,29,1
0,20,4,25,0
0,5,12,55,1
0,8,1,6,0
0,16,1,22,0
0,7,2,17,0
0,14,8,20,0
0,9,7,43,0
0,7,5,9,0
0,13,5,14,0
0,1,10,16,0
0,8,0,4,0
0,16,8,46,0
0,9,4,18,0
0,3,3,48,0
0,1,25,29,1
0,0,7,34,3
0,3,1,9,0
0,6,0,10,2
0,0,11,68,3
0,0,6,3,0
0,6,2,8,0
0,3,0,7,0
0,8,1,12,0
0,0,15,36,1
0,0,10,60,0
0,0,8,16,0
0,5,1,7,0
0,0,2,33,0
0,0,0,4,0
0,8,1,8,0
0,0,7,37,2
0,0,2,35,1
0,2,16,14,0
1,0,16,73,0
0,0,1,19,2
0,0,10,47,0
0,25,6,26,0
9,0,5,13,0
0,8,2,18,0
0,18,4,36,0
0,6,4,8,0
0,0,0,6,0
0,6,2,7,0
0,0,1,35,0
0,9,1,11,0
0,1,0,3,0
0,24,15,35,1
0,4,6,26,0
0,18,4,23,0
0,1,7,26,0
0,27,5,35,0
1,5,2,20,1
0,11,2,38,0
14,13,2,8,0
0,3,1,18,0
0,3,2,11,0
3,2,0,7,0
10,1,0,29,0
0,6,13,59,0
0,0,5,41,1
0,12,1,9,0
0,19,4,42,0
0,1,12,49,0
0,9,2,22,1
0,25,3,10,0
1,0,3,45,1
0,0,14,52,0
0,14,6,49,0
0,15,2,11,0
0,34,11,63,4
0,0,7,58,1
0,4,1,7,0
0,4,4,6,0
0,7,1,5,0
0,0,17,30,1
0,0,11,34,1
0,21,8,46,0
0,0,8,54,2
0,21,7,38,1
0,14,7,28,0
0,0,10,16,0
0,1,5,49,1
0,16,5,35,0
0,5,0,10,0
0,70,14,74,0
0,0,8,54,1
0,6,2,12,0
0,0,7,29,0
0,0,4,53,0
0,0,8,25,0
1,5,3,11,0
0,9,4,12,0
0,19,9,47,0
0,0,9,20,0
0,36,13,45,0
15,0,9,75,2
0,4,2,19,0
0,1,0,27,0
1,2,2,21,0
0,16,1,79,0
0,5,3,5,0
0,35,6,34,0
0,0,1,18,0
0,0,4,37,0
0,2,2,17,1
0,5,1,8,0
0,10,6,49,3
0,0,7,31,0
19,0,5,22,0
0,0,10,62,2
0,8,2,51,1
1,0,12,49,2
0,8,1,20,0
0,0,7,22,1
0,2,2,7,0
0,54,6,29,0
0,4,1,6,0
0,17,1,36,0
0,15,1,11,0
0,6,1,14,1
0,0,3,20,1
0,5,5,29,1
0,12,1,6,0
0,9,8,15,1
0,0,6,18,0
0,19,8,20,0
0,12,6,40,0
0,0,9,69,2
0,3,2,11,1
0,1,6,41,0
0,0,40,43,1
0,2,3,12,0
0,8,15,59,0
0,0,7,38,1
0,11,7,40,1
0,12,2,10,0
0,25,13,76,0
0,22,4,36,0
0,13,9,31,0
0,14,3,31,0
0,5,0,7,0
0,5,0,4,0
0,9,5,26,0
0,2,3,62,2
0,3,0,9,1
0,0,11,48,0
0,0,1,45,0
0,5,1,11,2
0,4,2,24,0
0,19,2,26,0
0,6,2,9,0
0,4,2,20,0
0,4,7,14,0
0,1,28,19,0
0,0,9,45,0
1,5,0,0,0
0,5,1,15,0
0,6,5,5,0
0,6,1,14,0
0,7,2,9,0
0,0,2,8,0
0,8,2,47,0
0,16,5,34,0
0,0,8,61,0
0,3,1,12,0
0,0,11,51,0
0,11,9,33,0
0,0,12,58,1
0,0,8,52,1
0,5,13,98,2
0,7,5,4,0
0,4,2,28,1
0,0,9,77,0
0,24,6,37,1
0,0,3,60,2
0,7,1,23,0
0,0,8,34,0
2,13,0,11,0
0,6,12,16,0
0,0,12,36,1
0,0,4,32,0
0,13,6,44,0
0,21,13,72,3
0,1,3,27,0
0,3,0,9,1
0,0,2,55,0
0,0,5,25,0
0,5,1,5,0
0,7,4,19,0
0,35,6,47,0
0,11,3,20,0
0,15,5,36,0
0,1,7,27,0
0,5,3,15,0
0,0,11,33,0
0,1,20,60,2
0,4,2,11,0
5,9,1,36,0
0,0,2,48,0
0,3,2,12,0
16,0,7,47,0
0,0,10,24,1
0,0,11,48,0
0,10,1,4,0
0,1,3,17,0
0,8,0,0,0
0,27,11,58,0
0,0,10,39,2
1,22,2,64,2
0,11,18,58,2
0,0,11,75,1
31,5,2,30,0
0,0,12,26,0
0,0,6,25,2
0,8,11,31,1
2,0,16,61,0
0,5,0,4,0
0,0,3,32,0
0,9,1,23,0
0,18,6,54,1
0,13,5,50,0
0,20,5,30,0
0,14,0,0,0
0,6,1,9,0
0,0,12,61,1
0,8,3,24,0
0,8,5,6,1
2,11,3,8,0
0,11,0,7,0
0,9,0,9,0
0,21,2,25,0
0,6,4,8,0
0,8,0,9,0
0,1,12,80,0
0,14,6,18,0
0,5,1,9,0
0,0,4,19,0
0,2,2,7,0
0,0,5,11,0
0,23,11,67,0
0,9,2,6,0
0,0,19,84,3
0,0,1,9,0
0,5,0,8,0
0,3,4,5,0
0,0,14,53,1
0,0,13,33,0
0,2,3,22,0
0,2,1,6,0
0,0,2,68,0
0,16,4,41,0
0,0,3,33,0
0,11,3,67,0
0,0,4,21,2
0,0,4,26,2
0,6,0,13,0
0,13,6,26,0
0,0,3,32,2
0,12,4,21,1
0,13,2,33,0
0,5,7,39,2
0,0,9,27,0
0,4,8,9,0
0,11,9,37,1
0,4,1,2,0
0,0,4,15,1
0,5,2,4,0
0,2,5,4,0
0,4,2,19,0
0,0,11,34,0
0,0,8,52,0
0,0,3,41,0
0,4,2,6,0
0,5,1,6,0
0,36,0,8,0
0,6,2,24,0
0,20,5,24,0
0,7,3,35,0
0,0,15,52,1
0,28,18,95,2
0,15,2,17,0
0,0,6,41,0
1,18,4,23,0
0,0,2,40,0
0,30,6,25,0
0,3,9,21,0
0,3,1,15,0
0,7,4,17,0
0,11,4,10,0
0,0,8,31,1
0,0,13,41,0
0,8,2,9,2
0,0,10,36,1
0,0,6,47,1
0,7,2,5,0
0,4,2,23,2
0,5,11,32,2
0,0,18,105,1
0,9,2,15,2
0,3,1,10,0
4,3,6,34,0
0,10,0,8,0
0,5,5,37,0
0,23,9,30,0
0,0,13,33,3
0,0,6,31,2
0,0,1,42,0
0,18,3,23,0
0,0,13,47,0
0,0,8,41,0
0,35,5,80,1
0,10,3,14,0
0,3,1,5,0
0,0,8,34,2
0,0,8,64,3
0,9,0,6,0
0,0,8,21,2
0,22,4,44,0
0,7,3,9,0
0,1,1,15,1
0,4,1,8,0
0,0,4,29,0
0,2,1,22,0
0,9,1,3,0
0,6,0,5,0
0,3,5,11,0
1,16,8,56,1
0,17,2,14,1
21,2,2,52,1
0,1,0,9,1
0,6,1,2,1
0,15,4,44,1
0,0,10,24,0
0,0,11,45,1
0,5,0,7,0
0,22,2,55,1
0,18,10,32,0
0,2,0,3,0
0,0,4,32,0
0,13,4,9,0
21,7,2,22,0
36,1,7,35,0
0,8,8,43,4
0,15,7,70,1
0,0,6,20,0
0,5,1,15,1
0,6,5,31,0
0,3,6,25,0
0,10,5,39,0
0,0,4,24,2
0,7,1,28,0
0,0,5,18,1
0,4,2,1,0
0,5,1,2,0
0,13,4,22,0
0,38,15,58,0
0,0,2,55,0
0,3,5,38,0
0,0,14,18,2
0,38,25,71,0
0,13,0,8,0
0,5,1,15,0
0,11,1,10,0
0,0,7,38,0
0,7,5,33,0
0,35,18,80,0
1,0,4,40,1
0,9,5,53,0
0,22,1,19,0
0,3,0,7,0
0,6,5,68,3
0,0,0,6,0
0,0,2,8,0
0,15,7,61,0
0,12,3,7,0
0,14,5,25,0
0,0,2,13,0
0,12,3,14,0
0,1,4,2,0
0,0,9,44,0
0,0,12,38,0
17,51,5,55,0
0,16,7,69,0
0,0,4,53,1
0,1,2,12,0
0,0,11,76,2
0,15,11,53,1
14,0,4,16,0
0,0,5,14,0
0,0,3,9,0
0,0,15,44,0
0,0,3,20,0
1,37,17,58,1
0,22,10,64,2
0,6,2,32,0
0,0,7,21,0
0,0,6,21,1
19,33,6,51,0
0,3,3,5,0
0,1,4,26,1
0,2,1,19,0
0,9,5,12,0
0,1,6,25,1
0,0,12,65,2
0,9,10,31,0
1,0,2,17,2
0,0,8,14,0
3,0,12,57,0
0,0,8,36,2
0,0,7,35,1
0,42,2,44,1
0,3,0,6,0
1,40,9,48,0
0,5,2,19,0
0,0,6,43,0
30,0,5,31,0
0,36,17,93,1
0,7,3,10,0
0,0,6,27,0
0,9,4,15,1
0,9,0,21,0
0,5,1,7,0
0,24,5,41,0
0,9,2,14,0
0,5,3,7,0
0,1,0,4,0
0,12,4,30,0
0,9,3,11,0
0,0,18,61,0
0,1,1,0,0
0,9,6,27,0
0,0,7,24,5
0,4,1,18,0
0,9,1,2,1
0,7,12,40,0
0,0,3,32,2
0,0,6,27,1
0,0,21,53,2
0,4,1,6,0
0,0,8,36,1
0,9,4,15,0
0,0,4,15,1
0,4,7,39,0
0,1,4,6,0
0,7,1,8,0
0,9,6,7,0
0,2,3,0,0
0,10,8,66,1
0,0,16,64,1
0,9,4,32,1
0,0,5,20,0
0,5,7,40,1
0,0,1,8,0
1,0,8,29,0
0,2,0,6,0
0,17,5,13,0
0,3,4,7,0
0,0,1,20,0
0,0,9,16,0
0,0,3,34,2
0,3,5,43,0
0,20,8,62,1
0,0,27,27,1
0,2,6,39,0
0,5,3,12,0
0,0,4,2,0
0,21,3,8,1
1,14,19,53,3
0,18,7,39,0
0,3,3,18,0
1,0,3,44,3
0,0,9,34,2
0,0,3,19,2
0,6,2,6,0
0,0,5,27,2
0,0,5,28,1
11,0,1,12,1
0,13,16,60,0
0,6,1,13,0
0,7,0,7,0
0,7,8,5,0
0,0,12,18,0
0,10,0,8,0
0,0,16,65,1
0,13,8,23,0
0,0,3,15,0
0,1,6,17,0
0,0,5,48,2
0,0,10,24,0
0,0,5,31,1
0,3,4,30,0
0,3,5,25,0
0,0,17,58,2
0,0,8,19,0
0,2,7,37,3
0,0,4,40,0
0,4,6,28,3
0,8,5,33,1
0,0,10,26,0
0,0,2,40,0
20,0,16,59,6
1,13,10,71,1
0,0,9,43,0
0,1,5,47,0
0,4,1,33,0
0,0,7,25,1
0,0,5,42,0
0,6,4,16,0
0,18,7,55,2
0,1,3,29,1
0,9,2,11,0
0,12,4,29,0
0,0,16,91,2
0,4,0,7,0
0,16,7,47,1
0,11,7,44,1
0,7,8,43,0
7,8,3,13,2
0,0,4,23,0
0,33,12,49,1
0,2,3,22,0
1,0,3,27,1
0,0,2,23,1
0,16,0,8,0
0,0,2,35,0
0,0,4,29,0
1,0,4,45,0
39,0,15,49,0
0,8,2,5,0
0,0,5,15,0
0,24,6,60,0
2,6,2,9,0
0,15,1,37,0
0,0,6,17,0
0,23,6,113,0
0,4,6,17,0
0,7,0,20,0
0,24,8,36,0
21,13,1,8,0
0,21,14,49,0
0,9,2,46,0
0,18,2,48,0
0,0,5,35,0
0,9,8,35,3
0,0,2,13,0
0,0,6,29,2
0,12,7,46,1
7,0,5,53,0
0,6,0,0,0
0,10,1,40,0
0,8,1,56,1
0,2,10,38,1
33,9,1,8,2
0,8,2,5,0
0,0,5,45,3
1,6,11,25,0
0,0,3,67,0
0,16,1,32,0
0,0,6,36,0
1,0,11,30,1
0,5,6,18,0
0,0,6,32,0
0,7,1,4,0
0,7,7,44,1
0,0,2,7,0
0,0,9,64,2
0,0,5,37,0
0,1,0,15,2
0,0,10,30,0
0,0,4,31,0
0,0,3,36,0
0,17,1,8,0
0,0,8,31,0
0,1,0,6,0
0,11,0,4,0
0,1,8,37,4
0,6,1,10,0
0,13,3,15,0
0,1,6,47,1
0,0,7,49,1
0,15,2,3,0
0,0,29,57,4
0,18,3,19,0
0,0,9,33,1
0,0,4,25,0
0,0,9,37,0
0,4,1,3,0
0,24,7,37,0
0,15,5,23,3
0,13,7,56,2
0,7,3,16,0
0,33,4,36,0
0,8,17,87,2
0,13,7,53,1
4,11,6,119,0
0,0,1,10,0
21,0,10,34,0
0,7,12,38,1
0,45,4,40,0
0,1,3,23,1
0,4,0,6,0
0,4,3,3,0
0,0,11,36,0
0,19,1,12,1
0,1,4,1,0
0,22,8,35,0
0,3,2,12,0
0,0,7,34,0
0,0,5,28,0
0,12,4,22,1
0,0,14,47,1
0,0,5,39,0
0,1,6,16,0
0,8,0,6,0
0,6,1,2,0
0,4,0,4,0
0,16,2,33,0
0,64,11,105,1
0,11,5,15,0
0,7,1,13,0
0,13,7,47,1
0,4,3,30,1
0,7,4,24,0
0,3,3,21,0
0,15,23,38,0
0,1,6,31,0
0,0,5,32,1
0,0,3,30,1
0,0,4,40,1
0,1,6,44,0
0,28,7,63,1
0,0,4,42,0
0,5,4,20,5
0,5,2,2,0
